INSERT INTO Countries (country_id, country_name)
VALUES 
(1, 'United States of America'),
(2, 'Canada'),
(3, 'United Kingdom'),
(4, 'France'),
(5, 'Germany'),
(6, 'China'),
(7, 'Poland'),
(8, 'Brazil'),
(9, 'Russia'),
(10, 'Japan'),
(11, 'Australia'),
(12, 'Mexico'),
(13, 'Italy'),
(14, 'Spain'),
(15, 'South Korea'),
(16, 'Indonesia'),
(17, 'South Africa'),
(18, 'Turkey'),
(19, 'Argentina'),
(20, 'Saudi Arabia'),
(21, 'Nigeria'),
(22, 'Egypt'),
(23, 'Colombia'),
(24, 'Poland'),
(25, 'Thailand'),
(26, 'Israel'),
(27, 'Greece'),
(28, 'Netherlands');


-- Tabela Cities
INSERT INTO Cities (city_id, country_id, city_name)
VALUES 
(1, 1, 'New York'),
(2, 1, 'Los Angeles'),
(3, 1, 'Chicago'),
(4, 2, 'Toronto'),
(5, 2, 'Vancouver'),
(6, 2, 'Montreal'),
(7, 3, 'London'),
(8, 3, 'Manchester'),
(9, 3, 'Birmingham'),
(10, 4, 'Paris'),
(11, 4, 'Marseille'),
(12, 4, 'Lyon'),
(13, 5, 'Berlin'),
(14, 5, 'Munich'),
(15, 5, 'Hamburg'),
(16, 6, 'Beijing'),
(17, 6, 'Shanghai'),
(18, 6, 'Guangzhou'),
(19, 7, 'Lublin'),
(20, 7, 'Kraków'),
(21, 7, 'Warszawa'),
(22, 8, 'Sao Paulo'),
(23, 8, 'Rio de Janeiro'),
(24, 8, 'Brasilia'),
(25, 9, 'Moscow'),
(26, 9, 'Saint Petersburg'),
(27, 9, 'Novosibirsk'),
(28, 10, 'Tokyo'),
(29, 10, 'Osaka'),
(30, 10, 'Kyoto');


INSERT INTO Addresses (address_id, city_id, street, house_number, postal_code, buiding_name)
VALUES 
(1, 1, 'Broadway', '123', '10001', 'UB Saelemat'),
(2, 2, 'Hollywood Blvd', '456', '90028', 'Hollywood Tower'),
(3, 3, 'Bay Street', '789', 'M5J 2N8', 'CN Tower'),
(4, 4, 'Granville Street', '101', 'V6C 1T2', 'Vancouver Lookout'),
(5, 5, 'Baker Street', '22', 'NW1 6XE', '221B Baker Street'),
(6, 6, 'Nanjing Road', '888', '200001', 'Shanghai Tower'),
(7, 7, 'MG Road', '555', '560001', 'UB City'),
(8, 8, 'Champs-Élysées', '777', '75008', 'Lido Cinema'),
(9, 9, 'Unter den Linden', '333', '10117', 'Brandenburg Gate'),
(10, 10, 'Tiananmen Square', '111', '100031', 'Forbidden City'),
(11, 11, 'Marine Drive', '999', '400020', 'Gateway of India'),
(12, 12, 'Colosseum Street', '444', '00184', 'Colosseum'),
(13, 13, 'Prado Avenue', '333', '28014', 'Prado Museum'),
(14, 14, 'Myeongdong Street', '555', '04536', 'N Seoul Tower'),
(15, 15, 'Jalan Sudirman', '777', '10220', 'Selamat Datang Monument'),
(16, 16, 'Table Mountain Road', '123', '8001', 'Table Mountain'),
(17, 17, 'Bosphorus Street', '456', '34394', 'Bosphorus Bridge'),
(18, 18, 'Obelisco Avenue', '789', 'C1011AAD', 'Obelisco'),
(19, 19, 'Kingdom Tower Street', '101', '11523', 'Kingdom Centre'),
(20, 20, 'Victoria Island Street', '22', '101241', 'Eko Tower'),
(21, 1, 'Central Park West', '555', '10023', 'The Dakota'),
(22, 2, 'Sunset Blvd', '789', '90046', 'Griffith Observatory'),
(23, 3, 'Yonge Street', '101', 'M4W 1J7', 'Royal Ontario Museum'),
(24, 4, 'Robson Street', '22', 'V6Z 2B9', 'Vancouver Art Gallery'),
(25, 5, 'Abbey Road', '888', 'NW8 9AY', 'Abbey Road Studios'),
(26, 6, 'West Nanjing Road', '555', '200040', 'Jing an Temple'),
(27, 7, 'Brigade Road', '777', '560025', 'UB City Mall'),
(28, 8, 'Avenue des Champs-Élysées', '333', '75008', 'Grand Palais'),
(29, 9, 'Brandenburg Gate Street', '111', '10117', 'Reichstag Building'),
(30, 10, 'Forbidden City Square', '999', '100006', 'Hall of Supreme Harmony'),
(31, 11, 'Gateway of India Street', '123', '400001', 'Gateway of India'),
(32, 12, 'Roman Forum Street', '456', '00186', 'Roman Forum'),
(33, 13, 'Retiro Park Avenue', '789', '28009', 'Crystal Palace'),
(34, 14, 'Insadong Street', '101', '03141', 'Bukchon Hanok Village'),
(35, 15, 'Sudirman Central Business District', '777', '10220', 'Pacific Place Jakarta'),
(36, 16, 'Signal Hill Road', '123', '8001', 'Signal Hill Observatory'),
(37, 17, 'Bosphorus Street', '456', '34394', 'Dolmabahçe Palace'),
(38, 18, '9 de Julio Avenue', '789', 'C1073ABA', 'Teatro Colón'),
(39, 19, 'Olaya Street', '101', '11523', 'Al Faisaliah Tower'),
(40, 20, 'Ahmadu Bello Way', '22', '101241', 'NECOM House')


INSERT INTO Users_Address (user_id, address_id)
VALUES 
(1, 1),
(2, 2),
(3, 3),
(4, 4),
(5, 5),
(6, 6),
(7, 7),
(8, 8),
(9, 9),
(10, 10),
(11, 11),
(12, 12),
(13, 13),
(14, 14),
(15, 15),
(16, 16),
(17, 17),
(18, 18),
(19, 19),
(20, 20),
(21, 21),
(22, 22),
(23, 23),
(24, 24),
(25, 25),
(26, 26),
(27, 27),
(28, 28),
(29, 29),
(30, 30),
(31, 2),
(32, 1),
(33, 2),
(34, 3),
(35, 4),
(36, 5),
(37, 6),
(38, 7),
(39, 8),
(40, 9),
(41, 10),
(42, 11),
(43, 12),
(44, 13),
(45, 14),
(46, 15),
(47, 16),
(48, 17),
(49, 18),
(50, 19),
(51, 20),
(52, 21),
(53, 22),
(54, 23),
(55, 24),
(56, 25),
(57, 26),
(58, 27),
(59, 28),
(60, 29),
(61, 30),
(62, 1),
(63, 2),
(64, 3),
(65, 4),
(66, 5),
(67, 6),
(68, 7),
(69, 8),
(70, 9),
(71, 10),
(72, 11),
(73, 12),
(74, 13),
(75, 14),
(76, 15),
(77, 16),
(78, 17),
(79, 18),
(80, 19);



INSERT INTO Lecture_Classrooms (classroom_id, building_id, classroom_number, attendance_limit)
VALUES 
(1, 1, '101', 50),
(2, 2, '201', 40),
(3, 3, '301', 60),
(4, 4, '102', 35),
(5, 5, '202', 45),
(6, 6, '302', 55),
(7, 7, '103', 30),
(8, 8, '203', 50),
(9, 9, '303', 40),
(10, 10, '104', 25),
(11, 11, '204', 35),
(12, 12, '304', 30),
(13, 13, '105', 60),
(14, 14, '205', 45),
(15, 15, '305', 55),
(16, 16, '106', 50),
(17, 17, '206', 40),
(18, 18, '306', 60),
(19, 19, '107', 35),
(20, 20, '207', 45)

INSERT INTO Classrooms (class_id, classroom_id)
VALUES 
(1, 1),
(2, 2),
(3, 3),
(4, 4),
(5, 5),
(6, 6),
(7, 7),
(8, 8),
(9, 9),
(10, 10),
(11, 11),
(12, 12),
(13, 13),
(14, 14),
(15, 15),
(16, 16),
(17, 17),
(18, 18),
(19, 19),
(20, 20)

INSERT INTO Users(Users.user_id, first_name, last_name, email, login, password)
VALUES 
(1, 'John', 'Doe', 'john.doe@example.com', 'john_doe', 'password123'),
(2, 'Jane', 'Smith', 'jane.smith@example.com', 'jane_smith', 'securepass456'),
(3, 'Michael', 'Johnson', 'michael.johnson@example.com', 'michael_j', 'userpass789'),
(4, 'Emily', 'Williams', 'emily.williams@example.com', 'emily_w', '12345pass'),
(5, 'Daniel', 'Brown', 'daniel.brown@example.com', 'daniel_b', 'pass789abc'),
(6, 'Sophia', 'Miller', 'sophia.miller@example.com', 'sophia_m', 'mypass987'),
(7, 'David', 'Davis', 'david.davis@example.com', 'david_d', 'secure123pass'),
(8, 'Olivia', 'Jones', 'olivia.jones@example.com', 'olivia_j', 'password456abc'),
(9, 'William', 'White', 'william.white@example.com', 'william_w', 'mypassword123'),
(10, 'Ava', 'Anderson', 'ava.anderson@example.com', 'ava_a', 'userpass789'),
(11, 'Ethan', 'Moore', 'ethan.moore@example.com', 'ethan_m', 'pass123eth'),
(12, 'Emma', 'Clark', 'emma.clark@example.com', 'emma_c', 'secureemma456'),
(13, 'Christopher', 'Lopez', 'christopher.lopez@example.com', 'christopher_l', 'user456pass'),
(14, 'Avery', 'Hall', 'avery.hall@example.com', 'avery_h', 'mypassword789'),
(15, 'Scarlett', 'Young', 'scarlett.young@example.com', 'scarlett_y', 'securepass321'),
(16, 'Liam', 'Ward', 'liam.ward@example.com', 'liam_w', 'pass789liam'),
(17, 'Mia', 'Baker', 'mia.baker@example.com', 'mia_b', 'password789abc'),
(18, 'Elijah', 'Scott', 'elijah.scott@example.com', 'elijah_s', 'mypass123abc'),
(19, 'Grace', 'Turner', 'grace.turner@example.com', 'grace_t', 'securepass789'),
(20, 'Logan', 'Garcia', 'logan.garcia@example.com', 'logan_g', 'pass123logan'),
(21, 'Nora', 'Martinez', 'nora.martinez@example.com', 'nora_m', 'secure123nora'),
(22, 'Carter', 'Taylor', 'carter.taylor@example.com', 'carter_t', 'user789pass'),
(23, 'Hannah', 'Lewis', 'hannah.lewis@example.com', 'hannah_l', 'mypass123abc'),
(24, 'Jackson', 'Adams', 'jackson.adams@example.com', 'jackson_a', 'secure789pass'),
(25, 'Abigail', 'Hill', 'abigail.hill@example.com', 'abigail_h', 'pass123abc'),
(26, 'Oliver', 'Perry', 'oliver.perry@example.com', 'oliver_p', 'secure456pass'),
(27, 'Amelia', 'Fisher', 'amelia.fisher@example.com', 'amelia_f', 'user123pass'),
(28, 'Lucas', 'Watson', 'lucas.watson@example.com', 'lucas_w', 'mypass789abc'),
(29, 'Evelyn', 'Woods', 'evelyn.woods@example.com', 'evelyn_w', 'securepass123'),
(30, 'Aiden', 'Butler', 'aiden.butler@example.com', 'aiden_b', 'pass456aiden'),
(31, 'NewUser31', 'LastName31', 'newuser31@example.com', 'newuser31_login', 'newuser22pass'),
(32, 'NewUser32', 'LastName32', 'newuser32@example.com', 'newuser32_login', 'newuser23pass'),
(33, 'NewUser21', 'LastName21', 'newuser21@example.com', 'newuser21_login', 'newuser21pass'),
(34, 'NewUser22', 'LastName22', 'newuser22@example.com', 'newuser22_login', 'newuser22pass'),
(35, 'NewUser23', 'LastName23', 'newuser23@example.com', 'newuser23_login', 'newuser23pass'),
(36, 'NewUser24', 'LastName24', 'newuser24@example.com', 'newuser24_login', 'newuser24pass'),
(37, 'NewUser25', 'LastName25', 'newuser25@example.com', 'newuser25_login', 'newuser25pass'),
(38, 'NewUser26', 'LastName26', 'newuser26@example.com', 'newuser26_login', 'newuser26pass'),
(39, 'NewUser27', 'LastName27', 'newuser27@example.com', 'newuser27_login', 'newuser27pass'),
(40, 'NewUser28', 'LastName28', 'newuser28@example.com', 'newuser28_login', 'newuser28pass'),
(41, 'NewUser29', 'LastName29', 'newuser29@example.com', 'newuser29_login', 'newuser29pass'),
(42, 'NewUser30', 'LastName30', 'newuser30@example.com', 'newuser30_login', 'newuser30pass'),
(43, 'NewUser31', 'LastName31', 'newuser31@example.com', 'newuser31_login', 'newuser31pass'),
(44, 'NewUser32', 'LastName32', 'newuser32@example.com', 'newuser32_login', 'newuser32pass'),
(45, 'NewUser33', 'LastName33', 'newuser33@example.com', 'newuser33_login', 'newuser33pass'),
(46, 'NewUser34', 'LastName34', 'newuser34@example.com', 'newuser34_login', 'newuser34pass'),
(47, 'NewUser35', 'LastName35', 'newuser35@example.com', 'newuser35_login', 'newuser35pass'),
(48, 'NewUser36', 'LastName36', 'newuser36@example.com', 'newuser36_login', 'newuser36pass'),
(49, 'NewUser37', 'LastName37', 'newuser37@example.com', 'newuser37_login', 'newuser37pass'),
(50, 'NewUser38', 'LastName38', 'newuser38@example.com', 'newuser38_login', 'newuser38pass'),
(51, 'NewUser39', 'LastName39', 'newuser39@example.com', 'newuser39_login', 'newuser39pass'),
(52, 'NewUser40', 'LastName40', 'newuser40@example.com', 'newuser40_login', 'newuser40pass'),
(53, 'NewUser41', 'LastName41', 'newuser41@example.com', 'newuser41_login', 'newuser41pass'),
(54, 'NewUser42', 'LastName42', 'newuser42@example.com', 'newuser42_login', 'newuser42pass'),
(55, 'NewUser43', 'LastName43', 'newuser43@example.com', 'newuser43_login', 'newuser43pass'),
(56, 'NewUser44', 'LastName44', 'newuser44@example.com', 'newuser44_login', 'newuser44pass'),
(57, 'NewUser45', 'LastName45', 'newuser45@example.com', 'newuser45_login', 'newuser45pass'),
(58, 'NewUser46', 'LastName46', 'newuser46@example.com', 'newuser46_login', 'newuser46pass'),
(59, 'NewUser47', 'LastName47', 'newuser47@example.com', 'newuser47_login', 'newuser47pass'),
(60, 'NewUser48', 'LastName48', 'newuser48@example.com', 'newuser48_login', 'newuser48pass'),
(61, 'NewUser49', 'LastName49', 'newuser49@example.com', 'newuser49_login', 'newuser49pass'),
(62, 'NewUser50', 'LastName50', 'newuser50@example.com', 'newuser50_login', 'newuser50pass'),
(63, 'NewUser51', 'LastName51', 'newuser51@example.com', 'newuser51_login', 'newuser51pass'),
(64, 'NewUser52', 'LastName52', 'newuser52@example.com', 'newuser52_login', 'newuser52pass'),
(65, 'NewUser53', 'LastName53', 'newuser53@example.com', 'newuser53_login', 'newuser53pass'),
(66, 'NewUser54', 'LastName54', 'newuser54@example.com', 'newuser54_login', 'newuser54pass'),
(67, 'NewUser55', 'LastName55', 'newuser55@example.com', 'newuser55_login', 'newuser55pass'),
(68, 'NewUser56', 'LastName56', 'newuser56@example.com', 'newuser56_login', 'newuser56pass'),
(69, 'NewUser57', 'LastName57', 'newuser57@example.com', 'newuser57_login', 'newuser57pass'),
(70, 'NewUser58', 'LastName58', 'newuser58@example.com', 'newuser58_login', 'newuser58pass'),
(71, 'NewUser59', 'LastName59', 'newuser59@example.com', 'newuser59_login', 'newuser59pass'),
(72, 'NewUser60', 'LastName60', 'newuser60@example.com', 'newuser60_login', 'newuser60pass'),
(73, 'NewUser61', 'LastName61', 'newuser61@example.com', 'newuser61_login', 'newuser61pass'),
(74, 'NewUser62', 'LastName62', 'newuser62@example.com', 'newuser62_login', 'newuser62pass'),
(75, 'NewUser63', 'LastName63', 'newuser63@example.com', 'newuser63_login', 'newuser63pass'),
(76, 'NewUser64', 'LastName64', 'newuser64@example.com', 'newuser64_login', 'newuser64pass'),
(77, 'NewUser65', 'LastName65', 'newuser65@example.com', 'newuser65_login', 'newuser65pass'),
(78, 'NewUser66', 'LastName66', 'newuser66@example.com', 'newuser66_login', 'newuser66pass'),
(79, 'NewUser67', 'LastName67', 'newuser67@example.com', 'newuser67_login', 'newuser67pass'),
(80, 'NewUser68', 'LastName68', 'newuser68@example.com', 'newuser68_login', 'newuser68pass');






INSERT INTO Users_Phone_Number (user_id, phone) VALUES
(1, '+48123456789'),
(2, '+48234067890'),
(3, '+48345678901'),
(4, '+48456789012'),
(5, '+48567890123'),
(6, '+48678901234'),
(7, '+48789012345'),
(8, '+48890123456'),
(9, '+48901234567'),
(10, '+48102545678'),
(11, '+48153454989'),
(12, '+48324567890'),
(13, '+48935678991'),
(14, '+48196789912'),
(15, '+48107920123'),
(16, '+48968901239'),
(17, '+48779012745'),
(18, '+48120123456'),
(19, '+48591434567'),
(20, '+48232345878'),
(21, '+48443452589'),
(22, '+48224567890'),
(23, '+48236378301'),
(24, '+48246549512'),
(25, '+48557436123'),
(26, '+48668901234'),
(27, '+48297012345'),
(28, '+48483123856'),
(29, '+48514434561'),
(30, '+48302345678'),
(31, '+48123456780'),
(32, '+48234067801'),
(33, '+48345678912'),
(34, '+48456789023'),
(35, '+48567890134'),
(36, '+48678901245'),
(37, '+48789012356'),
(38, '+48890123467'),
(39, '+48901234578'),
(40, '+48102545689'),
(41, '+48153454990'),
(42, '+48324567891'),
(43, '+48935678902'),
(44, '+48196789903'),
(45, '+48107920104'),
(46, '+48968901205'),
(47, '+48779012706'),
(48, '+48120123417'),
(49, '+48591434528'),
(50, '+48232345839'),
(51, '+48443452540'),
(52, '+48224567851'),
(53, '+48236378362'),
(54, '+48246549573'),
(55, '+48557436184'),
(56, '+48668901295'),
(57, '+48297012306'),
(58, '+48483123817'),
(59, '+48514434528'),
(60, '+48302345639'),
(61, '+48123456770'),
(62, '+48234067801'),
(63, '+48345678912'),
(64, '+48456789023'),
(65, '+48567890134'),
(66, '+48678901245'),
(67, '+48789012356'),
(68, '+48890123467'),
(69, '+48901234578'),
(70, '+48102545689'),
(71, '+48153454990'),
(72, '+48324567891'),
(73, '+48935678902'),
(74, '+48196789903'),
(75, '+48107920104'),
(76, '+48968901205'),
(77, '+48779012706'),
(78, '+48120123417'),
(79, '+48591434528'),
(80, '+48232345839');



INSERT INTO Courses (course_id, course_mode_id, title, description, price, advance_pay)
VALUES 
(1, 1, 'Introduction to Programming', 'Learn the basics of programming', 99.99, 19.99),
(2, 2, 'Web Development Fundamentals', 'Explore the foundations of web development', 129.99, 129.99),
(3, 3, 'Data Science Essentials', 'Discover key concepts in data science', 149.99, 39.99),
(4, 4, 'Mobile App Development', 'Build your own mobile applications', 179.99, 49.99),
(5, 5, 'Machine Learning Basics', 'Get started with machine learning', 199.99, 199.99),
(6, 6, 'Cybersecurity Fundamentals', 'Learn the essentials of cybersecurity', 149.99, 39.99),
(7, 7, 'Digital Marketing Mastery', 'Master the art of digital marketing', 129.99, 129.99),
(8, 8, 'Graphic Design Principles', 'Explore the principles of graphic design', 109.99, 19.99),
(9, 9, 'Project Management Fundamentals', 'Develop your project management skills', 139.99, 29.99),
(10, 10, 'Business Analytics', 'Harness the power of business analytics', 169.99, 169.99),
(11, 11, 'Network Administration Basics', 'Understand the fundamentals of network administration', 119.99, 24.99),
(12, 12, 'AI and Robotics Workshop', 'Dive into the world of artificial intelligence and robotics', 189.99, 49.99),
(13, 13, 'E-commerce Strategies', 'Develop effective e-commerce strategies', 129.99, 29.99),
(14, 14, 'UI/UX Design Principles', 'Explore the principles of user interface and user experience design', 109.99, 19.99),
(15, 15, 'Cloud Computing Essentials', 'Learn the essentials of cloud computing', 159.99, 39.99),
(16, 1, 'Video Editing Mastery', 'Master the art of video editing', 119.99, 24.99),
(17, 2, 'Social Media Marketing', 'Build effective social media marketing campaigns', 129.99, 29.99),
(18, 3, 'Agile Development Practices', 'Implement agile development practices', 149.99, 34.99),
(19, 4, 'Photography Basics', 'Explore the basics of photography', 99.99, 19.99),
(20, 5, 'Blockchain Fundamentals', 'Understand the fundamentals of blockchain technology', 169.99, 39.99),
(21, 6, 'Python Programming Masterclass', 'Master Python programming language', 119.99, 29.99),
(22, 7, 'Full Stack Web Development', 'Become a full-stack web developer', 199.99, 199.99),
(23, 8, 'Artificial Intelligence in Business', 'Implement AI solutions in business', 149.99, 449.99),
(24, 9, 'iOS App Development', 'Build applications for iOS devices', 69.99, 144.99),
(25, 10, 'Big Data Analytics', 'Harness the power of big data for analytics', 179.99, 49.99),
(26, 11, 'Cybersecurity Advanced Techniques', 'Advanced techniques in cybersecurity', 199.99, 154.99),
(27, 12, 'Content Marketing Strategies', 'Develop effective content marketing strategies', 129.99, 29.99),
(28, 13, 'User Experience Design Advanced', 'Advanced concepts in UX design', 149.99, 34.99),
(29, 14, 'Strategic Project Management', 'Strategic approaches to project management', 159.99, 179.99),
(30, 15, 'Data Visualization Techniques', 'Master data visualization for insights', 129.99, 129.99);



INSERT INTO Studies (study_id, title, syllabus, entry_fee, attendance_limit)
VALUES 
(1, 'Computer Science', 'Comprehensive program covering algorithms, data structures, and programming languages.', 1999.99, 50),
(2, 'Web Development', 'In-depth study of web technologies including HTML, CSS, JavaScript, and frameworks.', 1799.99, 40),
(3, 'Data Science', 'Exploration of statistical analysis, machine learning, and big data tools.', 2199.99, 30),
(4, 'Mobile App Development', 'Focus on developing mobile applications for iOS and Android platforms.', 2299.99, 2299.99),
(5, 'Artificial Intelligence', 'Advanced study of AI algorithms, neural networks, and applications.', 2499.99, 25),
(6, 'Cybersecurity', 'Comprehensive program covering ethical hacking, network security, and cryptography.', 1999.99, 30),
(7, 'Digital Marketing', 'Strategies for effective digital marketing campaigns and social media management.', 1599.99, 45),
(8, 'Graphic Design', 'Study of design principles, graphic tools, and visual communication.', 1399.99, 35),
(9, 'Project Management', 'Practical project management skills, including Agile and Scrum methodologies.', 1899.99, 30),
(10, 'Business Analytics', 'Use of data analytics for business decision-making and strategy.', 2099.99, 25),
(11, 'Network Administration', 'In-depth study of network administration, security, and troubleshooting.', 1799.99, 40),
(12, 'AI and Robotics', 'Advanced workshop on artificial intelligence and robotics applications.', 2499.99, 20),
(13, 'E-commerce Strategies', 'Strategies for effective e-commerce business development and management.', 1699.99, 35),
(14, 'UI/UX Design', 'Advanced study of user interface and user experience design principles.', 1499.99, 30),
(15, 'Cloud Computing', 'Study of cloud computing technologies and platforms.', 1999.99, 25),
(16, 'Video Editing', 'Comprehensive program covering video editing techniques and software.', 1599.99, 35),
(17, 'Social Media Marketing', 'Advanced strategies for building and managing social media marketing campaigns.', 1699.99, 30),
(18, 'Agile Development', 'Implementation of agile development practices and methodologies.', 1899.99, 25),
(19, 'Photography', 'Exploration of photography techniques, equipment, and composition.', 1299.99, 40),
(20, 'Blockchain Technology', 'Study of the fundamentals of blockchain and its applications.', 2099.99, 30),
(21, 'Python Programming', 'In-depth study of Python programming language.', 1499.99, 35),
(22, 'Full Stack Web Development', 'Mastering both front-end and back-end web development technologies.', 2199.99, 25),
(23, 'Artificial Intelligence in Business', 'Implementation of AI solutions in business operations.', 1999.99, 30),
(24, 'iOS App Development', 'Developing applications specifically for iOS devices.', 2299.99, 20),
(25, 'Big Data Analytics', 'Analyzing large datasets for insights and decision-making.', 2399.99, 30),
(26, 'Advanced Cybersecurity', 'Advanced techniques in cybersecurity defense and response.', 2199.99, 25),
(27, 'Content Marketing', 'Strategies for creating and distributing valuable content for marketing.', 1699.99, 35),
(28, 'Advanced UX Design', 'Advanced concepts in user experience design and testing.', 1599.99, 30),
(29, 'Strategic Project Management', 'Strategic approaches to project management in complex environments.', 1999.99, 25),
(30, 'Data Visualization', 'Mastering the visualization of complex data sets for insights.', 1699.99, 30);

NSERT INTO Modules (module_id, course_id, module_name, description)
VALUES 
(1, 1, 'Introduction to Programming Concepts', 'Fundamental concepts of programming'),
(2, 1, 'Variables and Data Types', 'Understanding variables and different data types'),
(3, 1, 'Control Flow and Loops', 'Introduction to control flow and loop structures'),
(4, 2, 'HTML Basics', 'Basic HTML syntax and elements'),
(5, 2, 'CSS Fundamentals', 'Fundamental concepts of Cascading Style Sheets'),
(6, 2, 'JavaScript Essentials', 'Essential concepts of JavaScript programming language'),
(7, 3, 'Statistical Analysis with Python', 'Basic statistical analysis using Python'),
(8, 3, 'Machine Learning Algorithms', 'Overview of various machine learning algorithms'),
(9, 3, 'Big Data Processing', 'Introduction to big data processing techniques'),
(10, 4, 'Introduction to Mobile App Development', 'Overview of mobile app development'),
(11, 4, 'iOS App Development Basics', 'Basic concepts of iOS app development'),
(12, 4, 'Android App Development Basics', 'Basic concepts of Android app development'),
(13, 5, 'Foundations of Machine Learning', 'Basic foundations of machine learning'),
(14, 5, 'Neural Networks and Deep Learning', 'Understanding neural networks and deep learning'),
(15, 5, 'Machine Learning Applications', 'Applications of machine learning in real-world scenarios'),
(16, 6, 'Ethical Hacking Fundamentals', 'Basic principles of ethical hacking'),
(17, 6, 'Network Security Principles', 'Principles of network security'),
(18, 6, 'Cryptography Basics', 'Fundamental concepts of cryptography'),
(19, 7, 'Content Creation Strategies', 'Strategies for creating engaging content'),
(20, 7, 'Social Media Management', 'Managing social media platforms effectively'),
(21, 8, 'Principles of Graphic Design', 'Basic principles of graphic design'),
(22, 8, 'Color Theory in Design', 'Understanding color theory in design'),
(23, 8, 'Typography Fundamentals', 'Fundamental concepts of typography in design'),
(24, 9, 'Agile Methodologies', 'Overview of Agile development methodologies'),
(25, 9, 'Scrum Framework', 'Understanding the Scrum framework'),
(26, 9, 'Project Planning and Execution', 'Planning and executing projects successfully'),
(27, 10, 'Business Intelligence', 'Introduction to business intelligence concepts'),
(28, 10, 'Predictive Analytics', 'Using analytics for making predictions'),
(29, 10, 'Data-driven Decision Making', 'Making decisions based on data analysis'),
(30, 11, 'Network Administration Basics', 'Basic concepts of network administration');

UPDATE Modules
SET is_online = 0
WHERE module_id % 5 = 0;


INSERT INTO Orders (order_id, user_id, order_date, order_succeed)
VALUES 
(1, 1, '2024-01-01 08:30:00', 1),
(2, 2, '2024-01-02 10:45:00', 1),
(3, 3, '2024-01-03 12:15:00', 1),
(4, 4, '2024-01-04 14:30:00', 1),
(5, 5, '2024-01-05 16:45:00', 1),
(6, 6, '2024-01-06 18:00:00', 1),
(7, 7, '2024-01-07 20:30:00', 1),
(8, 8, '2024-01-08 22:45:00', 1),
(9, NULL, '2024-01-09 09:15:00', 1),
(10, 10, '2024-01-10 11:30:00', 1),
(11, 11, '2024-01-11 13:45:00', 1),
(12, 12, '2024-01-12 15:00:00', 1),
(13, 13, '2024-01-13 17:30:00', 1),
(14, 14, '2024-01-14 19:45:00', 1),
(15, 15, '2024-01-15 21:00:00', 1),
(16, 16, '2024-01-16 09:30:00', 1),
(17, 17, '2024-01-17 11:45:00', 1),
(18, 18, '2024-01-18 14:00:00', 1),
(19, 19, '2024-01-19 16:30:00', 1),
(20, 20, '2024-01-20 18:45:00', 1),
(21, 21, '2024-01-21 20:00:00', 1),
(22, 22, '2024-01-22 09:30:00', 1),
(23, 23, '2024-01-23 11:45:00', 1),
(24, 24, '2024-01-24 14:00:00', 1),
(25, 25, '2024-01-25 16:30:00', 1),
(26, 26, '2024-01-26 18:45:00', 1),
(27, 27, '2024-01-27 20:00:00', 1),
(28, NULL, '2024-01-28 09:30:00', 1),
(29, 29, '2024-01-29 11:45:00', 1),
(30, 30, '2024-01-30 14:00:00', 1),
(31, 31, '2024-02-01 16:30:00', 1),
(32, 32, '2024-02-02 18:45:00', 1),
(33, 33, '2024-02-03 20:00:00', 1),
(34, 34, '2024-02-04 09:30:00', 1),
(35, 35, '2024-02-05 11:45:00', 1),
(36, 36, '2024-02-06 14:00:00', 1),
(37, 37, '2024-02-07 16:30:00', 1),
(38, NULL, '2024-02-08 18:45:00', 1),
(39, 39, '2024-02-09 20:00:00', 1),
(40, 40, '2024-02-10 09:30:00', 1),
(41, 41, '2024-02-11 11:45:00', 1),
(42, 42, '2024-02-12 14:00:00', 1),
(43, NULL, '2024-02-13 16:30:00', 1),
(44, 44, '2024-02-14 18:45:00', 1),
(45, 45, '2024-02-15 20:00:00', 1),
(46, 46, '2024-02-16 09:30:00', 1),
(47, 47, '2024-02-17 11:45:00', 1),
(48, 48, '2024-02-18 14:00:00', 1),
(49, 49, '2024-02-19 16:30:00', 1),
(50, 50, '2024-02-20 18:45:00', 1),
(51, 51, '2024-02-21 20:00:00', 1),
(52, 52, '2024-02-22 09:30:00', 1),
(53, 53, '2024-02-23 11:45:00', 1),
(54, 54, '2024-02-24 14:00:00', 1),
(55, 55, '2024-02-25 16:30:00', 1),
(56, 56, '2024-02-26 18:45:00', 1),
(57, NULL, '2024-02-27 20:00:00', 1),
(58, 58, '2024-02-28 09:30:00', 1),
(59, 59, '2024-02-29 11:45:00', 1),
(60, 60, '2024-03-01 14:00:00', 1),
(61, 61, '2024-03-02 16:30:00', 1),
(62, 62, '2024-03-03 18:45:00', 1),
(63, 63, '2024-03-04 20:00:00', 1),
(64, 64, '2024-03-05 09:30:00', 1),
(65, 65, '2024-03-06 11:45:00', 1),
(66, 66, '2024-03-07 14:00:00', 1),
(67, 67, '2024-03-08 16:30:00', 1),
(68, NULL, '2024-03-09 18:45:00', 1),
(69, 69, '2024-03-10 20:00:00', 1),
(70, 70, '2024-03-11 09:30:00', 1),
(71, 71, '2024-03-12 11:45:00', 1),
(72, 72, '2024-03-13 14:00:00', 1),
(73, 73, '2024-03-14 16:30:00', 1),
(74, 74, '2024-03-15 18:45:00', 1),
(75, 75, '2024-03-16 20:00:00', 1),
(76, 76, '2024-03-17 09:30:00', 1),
(77, NULL, '2024-03-18 11:45:00', 1),
(78, 78, '2024-03-19 14:00:00', 1),
(79, 79, '2024-03-20 16:30:00', 1),
(80, 80, '2024-03-21 18:45:00', 1);




INSERT INTO Courses_Users (user_id, course_id, amount_paid)
VALUES 
(1, 1, 99.99),
(2, 2, 129.99),
(3, 3, 149.99),
(4, 4, 179.99),
(5, 5, 199.99),
(6, 6, 149.99),
(7, 7, 129.99),
(8, 8, 109.99),
(9, 9, 139.99),
(10, 10, 169.99),
(11, 11, 119.99),
(12, 12, 189.99),
(13, 13, 129.99),
(14, 14, 109.99),
(15, 15, 159.99),
(16, 16, 119.99),
(17, 17, 129.99),
(18, 18, 149.99),
(19, 19, 99.99),
(20, 20, 169.99),
(21, 21, 119.99),
(22, 22, 199.99),
(23, 23, 149.99),
(24, 24, 169.99),
(25, 25, 179.99),
(26, 26, 199.99),
(27, 27, 129.99),
(28, 28, 109.99),
(29, 29, 159.99),
(30, 30, 129.99),
(31, 1, 109.99),
(32, 2, 139.99),
(33, 3, 159.99),
(34, 4, 189.99),
(35, 5, 209.99),
(36, 6, 159.99),
(37, 7, 139.99),
(38, 8, 119.99),
(39, 9, 149.99),
(40, 10, 179.99),
(41, 11, 129.99),
(42, 12, 199.99),
(43, 13, 139.99),
(44, 14, 119.99),
(45, 15, 169.99),
(46, 16, 129.99),
(47, 17, 139.99),
(48, 18, 159.99),
(49, 19, 109.99),
(50, 20, 179.99),
(51, 21, 129.99),
(52, 22, 209.99),
(53, 23, 159.99),
(54, 24, 179.99),
(55, 25, 189.99),
(56, 26, 209.99),
(57, 27, 139.99),
(58, 28, 119.99),
(59, 29, 169.99),
(60, 30, 139.99),
(61, 1, 109.99),
(62, 2, 139.99),
(63, 3, 159.99),
(64, 4, 189.99),
(65, 5, 209.99),
(66, 6, 159.99),
(67, 7, 139.99),
(68, 8, 119.99),
(69, 9, 149.99),
(70, 10, 179.99),
(71, 11, 129.99),
(72, 12, 199.99),
(73, 13, 139.99),
(74, 14, 119.99),
(75, 15, 169.99),
(76, 16, 129.99),
(77, 17, 139.99),
(78, 18, 159.99),
(79, 19, 109.99),
(80, 20, 179.99);


-- Inserting data into Courses_Calendar for course_id 1 to 80
DECLARE @counter INT = 1;

WHILE @counter <= 80
BEGIN
    INSERT INTO Courses_Calendar (course_id, start_date, end_date)
    VALUES
    (
        @counter,
        DATEADD(DAY, @counter, '2022-01-01'), -- Adjust the start date as needed
        DATEADD(DAY, @counter + 14, '2022-01-01') -- Assuming a 14-day duration, adjust the end date as needed
    );

    SET @counter = @counter + 1;
END;



INSERT INTO Studies (study_id, title, syllabus, entry_fee, attendance_limit)
VALUES 
(1, 'Computer Science', 'Comprehensive program covering algorithms, data structures, and programming languages.', 1999.99, 50),
(2, 'Web Development', 'In-depth study of web technologies including HTML, CSS, JavaScript, and frameworks.', 1799.99, 40),
(3, 'Data Science', 'Exploration of statistical analysis, machine learning, and big data tools.', 2199.99, 30),
(4, 'Mobile App Development', 'Focus on developing mobile applications for iOS and Android platforms.', 2299.99, 35),
(5, 'Artificial Intelligence', 'Advanced study of AI algorithms, neural networks, and applications.', 2499.99, 25),
(6, 'Cybersecurity', 'Comprehensive program covering ethical hacking, network security, and cryptography.', 1999.99, 30),
(7, 'Digital Marketing', 'Strategies for effective digital marketing campaigns and social media management.', 1599.99, 45),
(8, 'Graphic Design', 'Study of design principles, graphic tools, and visual communication.', 1399.99, 35),
(9, 'Project Management', 'Practical project management skills, including Agile and Scrum methodologies.', 1899.99, 30),
(10, 'Business Analytics', 'Use of data analytics for business decision-making and strategy.', 2099.99, 25),
(11, 'Network Administration', 'In-depth study of network administration, security, and troubleshooting.', 1799.99, 40),
(12, 'AI and Robotics', 'Advanced workshop on artificial intelligence and robotics applications.', 2499.99, 20),
(13, 'E-commerce Strategies', 'Strategies for effective e-commerce business development and management.', 1699.99, 35),
(14, 'UI/UX Design', 'Advanced study of user interface and user experience design principles.', 1499.99, 30),
(15, 'Cloud Computing', 'Study of cloud computing technologies and platforms.', 1999.99, 25),
(16, 'Video Editing', 'Comprehensive program covering video editing techniques and software.', 1599.99, 35),
(17, 'Social Media Marketing', 'Advanced strategies for building and managing social media marketing campaigns.', 1699.99, 30),
(18, 'Agile Development', 'Implementation of agile development practices and methodologies.', 1899.99, 25),
(19, 'Photography', 'Exploration of photography techniques, equipment, and composition.', 1299.99, 40),
(20, 'Blockchain Technology', 'Study of the fundamentals of blockchain and its applications.', 2099.99, 30),
(21, 'Python Programming', 'In-depth study of Python programming language.', 1499.99, 35),
(22, 'Full Stack Web Development', 'Mastering both front-end and back-end web development technologies.', 2199.99, 25),
(23, 'Artificial Intelligence in Business', 'Implementation of AI solutions in business operations.', 1999.99, 30),
(24, 'iOS App Development', 'Developing applications specifically for iOS devices.', 2299.99, 20),
(25, 'Big Data Analytics', 'Analyzing large datasets for insights and decision-making.', 2399.99, 30),
(26, 'Advanced Cybersecurity', 'Advanced techniques in cybersecurity defense and response.', 2199.99, 25),
(27, 'Content Marketing', 'Strategies for creating and distributing valuable content for marketing.', 1699.99, 35),
(28, 'Advanced UX Design', 'Advanced concepts in user experience design and testing.', 1599.99, 30),
(29, 'Strategic Project Management', 'Strategic approaches to project management in complex environments.', 1999.99, 25),
(30, 'Data Visualization', 'Mastering the visualization of complex data sets for insights.', 1699.99, 30);

INSERT INTO Courses_Advanced_Payment_Exceptions (exception_id, user_id, course_id, required_advance_pay, pay_due)
VALUES 
(1, 1, 1, 19.99, '2024-02-01'),
(2, 2, 2, 29.99, '2024-02-05'),
(3, 3, 3, 39.99, '2024-02-10'),
(4, 4, 4, 49.99, '2024-02-15'),
(5, 5, 5, 59.99, '2024-02-20'),
(6, 6, 6, 39.99, '2024-02-25'),
(7, 7, 7, 29.99, '2024-03-01'),
(8, 8, 8, 19.99, '2024-03-05'),
(9, 9, 9, 29.99, '2024-03-10'),
(10, 10, 10, 39.99, '2024-03-15'),
(11, 11, 11, 24.99, '2024-03-20'),
(12, 12, 12, 49.99, '2024-03-25'),
(13, 13, 13, 29.99, '2024-04-01'),
(14, 14, 14, 19.99, '2024-04-05'),
(15, 15, 15, 39.99, '2024-04-10'),
(16, 16, 16, 24.99, '2024-04-15'),
(17, 17, 17, 29.99, '2024-04-20'),
(18, 18, 18, 34.99, '2024-04-25'),
(19, 19, 19, 19.99, '2024-05-01'),
(20, 20, 20, 39.99, '2024-05-05'),
(21, 21, 21, 29.99, '2024-05-10'),
(22, 22, 22, 49.99, '2024-05-15'),
(23, 23, 23, 39.99, '2024-05-20'),
(24, 24, 24, 44.99, '2024-05-25'),
(25, 25, 25, 49.99, '2024-06-01'),
(26, 26, 26, 54.99, '2024-06-05'),
(27, 27, 27, 29.99, '2024-06-10'),
(28, 28, 28, 34.99, '2024-06-15'),
(29, 29, 29, 39.99, '2024-06-20'),
(30, 30, 30, 29.99, '2024-06-25');



INSERT INTO Courses_Limits (course_id, attendance_limit)
VALUES 
(1, 100),
(2, 80),
(3, 50),
(4, 60),
(5, 70),
(6, 40),
(7, 90),
(8, 120),
(9, 60),
(10, 80),
(11, 100),
(12, 30),
(13, 70),
(14, 110),
(15, 50),
(16, 90),
(17, 80),
(18, 70),
(19, 120),
(20, 60),
(21, 75),
(22, 40),
(23, 50),
(24, 35),
(25, 45),
(26, 30),
(27, 85),
(28, 70),
(29, 60),
(30, 80);


INSERT INTO Classes (class_id, lecturer_id, is_online, study_id, start_time, end_time, name)
VALUES 
(1, 1, 0, 1, '2024-01-10 09:00:00', '2024-01-10 11:00:00', 'Mathematics 101'),
(2, 2, 1, 2, '2024-01-11 14:00:00', '2024-01-11 16:00:00', 'Physics 202'),
(3, 3, 0, 3, '2024-01-12 10:30:00', '2024-01-12 12:30:00', 'History 103'),
(4, 4, 1, 4, '2024-01-13 13:00:00', '2024-01-13 15:00:00', 'Computer Science 301'),
(5, 5, 0, 5, '2024-01-14 08:45:00', '2024-01-14 10:45:00', 'English 201'),
(6, 6, 1, 6, '2024-01-15 16:30:00', '2024-01-15 18:30:00', 'Biology 102'),
(7, 7, 0, 7, '2024-01-16 11:15:00', '2024-01-16 13:15:00', 'Psychology 202'),
(8, 8, 1, 8, '2024-01-17 14:45:00', '2024-01-17 16:45:00', 'Chemistry 301'),
(9, 9, 0, 9, '2024-01-18 09:30:00', '2024-01-18 11:30:00', 'Economics 101'),
(10, 10, 1, 10, '2024-01-19 12:00:00', '2024-01-19 14:00:00', 'Art 203'),
(11, 11, 0, 11, '2024-01-20 15:15:00', '2024-01-20 17:15:00', 'Geography 102'),
(12, 12, 1, 12, '2024-01-21 08:00:00', '2024-01-21 10:00:00', 'Political Science 301'),
(13, 13, 0, 13, '2024-01-22 14:30:00', '2024-01-22 16:30:00', 'Sociology 202'),
(14, 14, 1, 14, '2024-01-23 10:00:00', '2024-01-23 12:00:00', 'Music 101'),
(15, 15, 0, 15, '2024-01-24 11:45:00', '2024-01-24 13:45:00', 'Philosophy 203'),
(16, 16, 1, 16, '2024-01-25 17:30:00', '2024-01-25 19:30:00', 'Engineering 301'),
(17, 17, 0, 17, '2024-01-26 13:15:00', '2024-01-26 15:15:00', 'Communication Studies 202'),
(18, 18, 1, 18, '2024-01-27 15:45:00', '2024-01-27 17:45:00', 'Health Sciences 301'),
(19, 19, 0, 19, '2024-01-28 10:30:00', '2024-01-28 12:30:00', 'Foreign Language 101'),
(20, 20, 1, 20, '2024-01-29 11:00:00', '2024-01-29 13:00:00', 'Environmental Science 202'),
(21, 21, 0, 1, '2024-02-01 09:00:00', '2024-02-01 11:00:00', 'Mathematics 701'),
(22, 22, 1, 2, '2024-02-02 14:00:00', '2024-02-02 16:00:00', 'Physics 702'),
(23, 23, 0, 3, '2024-02-03 10:30:00', '2024-02-03 12:30:00', 'History 703'),
(24, 24, 1, 4, '2024-02-04 13:00:00', '2024-02-04 15:00:00', 'Computer Science 701'),
(25, 25, 0, 5, '2024-02-05 08:45:00', '2024-02-05 10:45:00', 'English 701'),
(26, 26, 1, 6, '2024-02-06 16:30:00', '2024-02-06 18:30:00', 'Biology 702'),
(27, 27, 0, 7, '2024-02-07 11:15:00', '2024-02-07 13:15:00', 'Psychology 702'),
(28, 28, 1, 8, '2024-02-08 14:45:00', '2024-02-08 16:45:00', 'Chemistry 701'),
(29, 29, 0, 9, '2024-02-09 09:30:00', '2024-02-09 11:30:00', 'Economics 701'),
(30, 30, 1, 10, '2024-02-10 12:00:00', '2024-02-10 14:00:00', 'Art 703'),
(31, 31, 0, 11, '2024-02-11 15:15:00', '2024-02-11 17:15:00', 'Geography 702'),
(32, 32, 1, 12, '2024-02-12 08:00:00', '2024-02-12 10:00:00', 'Political Science 701'),
(33, 33, 0, 13, '2024-02-13 14:30:00', '2024-02-13 16:30:00', 'Sociology 702'),
(34, 34, 1, 14, '2024-02-14 10:00:00', '2024-02-14 12:00:00', 'Music 701'),
(35, 35, 0, 15, '2024-02-15 11:45:00', '2024-02-15 13:45:00', 'Philosophy 503'),
(36, 36, 1, 16, '2024-02-16 17:30:00', '2024-02-16 19:30:00', 'Engineering 501'),
(37, 37, 0, 17, '2024-02-17 13:15:00', '2024-02-17 15:15:00', 'Communication Studies 502'),
(38, 38, 1, 18, '2024-02-18 15:45:00', '2024-02-18 17:45:00', 'Health Sciences 501'),
(39, 39, 0, 19, '2024-02-19 10:30:00', '2024-02-19 12:30:00', 'Foreign Language 501'),
(40, 40, 1, 20, '2024-02-20 11:00:00', '2024-02-20 13:00:00', 'Environmental Science 502'),
(41, 1, 0, 1, '2024-02-21 09:00:00', '2024-02-21 11:00:00', 'Mathematics 801'),
(42, 2, 1, 2, '2024-02-22 14:00:00', '2024-02-22 16:00:00', 'Physics 802'),
(43, 3, 0, 3, '2024-02-23 10:30:00', '2024-02-23 12:30:00', 'History 803'),
(44, 4, 1, 4, '2024-02-24 13:00:00', '2024-02-24 15:00:00', 'Computer Science 801'),
(45, 5, 0, 5, '2024-02-25 08:45:00', '2024-02-25 10:45:00', 'English 801'),
(46, 6, 1, 6, '2024-02-26 16:30:00', '2024-02-26 18:30:00', 'Biology 802'),
(47, 7, 0, 7, '2024-02-27 11:15:00', '2024-02-27 13:15:00', 'Psychology 803'),
(48, 8, 1, 8, '2024-02-28 14:45:00', '2024-02-28 16:45:00', 'Chemistry 802'),
(49, 9, 0, 9, '2024-02-29 09:30:00', '2024-02-29 11:30:00', 'Economics 801'),
(50, 10, 1, 10, '2024-03-01 12:00:00', '2024-03-01 14:00:00', 'Art 803'),
(51, 11, 0, 11, '2024-03-02 15:15:00', '2024-03-02 17:15:00', 'Geography 802'),
(52, 12, 1, 12, '2024-03-03 08:00:00', '2024-03-03 10:00:00', 'Political Science 801'),
(53, 13, 0, 13, '2024-03-04 14:30:00', '2024-03-04 16:30:00', 'Sociology 802'),
(54, 14, 1, 14, '2024-03-05 10:00:00', '2024-03-05 12:00:00', 'Music 801'),
(55, 15, 0, 15, '2024-03-06 11:45:00', '2024-03-06 13:45:00', 'Philosophy 603'),
(56, 16, 1, 16, '2024-03-07 17:30:00', '2024-03-07 19:30:00', 'Engineering 601'),
(57, 17, 0, 17, '2024-03-08 13:15:00', '2024-03-08 15:15:00', 'Communication Studies 602'),
(58, 18, 1, 18, '2024-03-09 15:45:00', '2024-03-09 17:45:00', 'Health Sciences 601'),
(59, 19, 0, 19, '2024-03-10 10:30:00', '2024-03-10 12:30:00', 'Foreign Language 601'),
(60, 20, 1, 20, '2024-03-11 11:00:00', '2024-03-11 13:00:00', 'Environmental Science 602')




INSERT INTO Employees (employee_id, first_name, last_name, phone, email, login, password)
VALUES 
(1, 'John', 'Doe', '265123056', 'john.doe@example.com', 'john_doe', 'password123'),
(2, 'Jane', 'Smith', '255234567', 'jane.smith@example.com', 'jane_smith', 'securepassword'),
(3, 'Michael', 'Johnson', '235305678', 'michael.johnson@example.com', 'michael_j', 'pass1234'),
(4, 'Emily', 'Williams', '230456709', 'emily.williams@example.com', 'emily_w', 'strongpassword'),
(5, 'Christopher', 'Brown', '225567890', 'chris.brown@example.com', 'chris_b', 'mypassword'),
(6, 'Amanda', 'Jones', '215670901', 'amanda.jones@example.com', 'amanda_j', 'securepass123'),
(7, 'David', 'Miller', '205789012', 'david.miller@example.com', 'david_m', 'pass123456'),
(8, 'Sophia', 'Davis', '195800123', 'sophia.davis@example.com', 'sophia_d', 'password567'),
(9, 'Ryan', 'Wilson', '185901204', 'ryan.wilson@example.com', 'ryan_w', 'mypassword789'),
(10, 'Olivia', 'Moore', '175010345', 'olivia.moore@example.com', 'olivia_m', 'securepass789'),
(11, 'Eric', 'Anderson', '165123456', 'eric.anderson@example.com', 'eric_a', 'pass9876'),
(12, 'Natalie', 'Harris', '150234567', 'natalie.harris@example.com', 'natalie_h', 'mypassword321'),
(13, 'Daniel', 'Thompson', '145340078', 'daniel.thompson@example.com', 'daniel_t', 'securepass567'),
(14, 'Isabella', 'Jackson', '135456789', 'isabella.jackson@example.com', 'isabella_j', 'pass7890'),
(15, 'William', 'Taylor', '125067890', 'william.taylor@example.com', 'william_t', 'strongpass890'),
(16, 'Gabrielle', 'Evans', '115670901', 'gabrielle.evans@example.com', 'gabrielle_e', 'securepass345'),
(17, 'Alexander', 'Baker', '105489012', 'alexander.baker@example.com', 'alexander_b', 'pass4567'),
(18, 'Mia', 'Fisher', '945894123', 'mia.fisher@example.com', 'mia_f', 'mypassword567'),
(19, 'Ethan', 'Ward', '805401234', 'ethan.ward@example.com', 'ethan_w', 'password890'),
(20, 'Ava', 'Coleman', '715012344', 'ava.coleman@example.com', 'ava_c', 'securepass901'),
(21, 'Liam', 'Barnes', '605113456', 'liam.barnes@example.com', 'liam_b', 'pass5678'),
(22, 'Emma', 'Ferguson', '455234517', 'emma.ferguson@example.com', 'emma_f', 'mypassword456'),
(23, 'Noah', 'Gibson', '355145678', 'noah.gibson@example.com', 'noah_g', 'securepass234'),
(24, 'Grace', 'Harrison', '255456789', 'grace.harrison@example.com', 'grace_h', 'pass6789'),
(25, 'James', 'Fletcher', '155567490', 'james.fletcher@example.com', 'james_f', 'strongpass123'),
(26, 'Charlotte', 'Wallace', '055578901', 'charlotte.wallace@example.com', 'charlotte_w', 'securepass789'),
(27, 'Benjamin', 'Hudson', '535089712', 'benjamin.hudson@example.com', 'benjamin_h', 'mypassword890'),
(28, 'Lily', 'Sullivan', '501790123', 'lily.sullivan@example.com', 'lily_s', 'pass2345'),
(29, 'Jackson', 'Carter', '755901474', 'jackson.carter@example.com', 'jackson_c', 'strongpass567'),
(30, 'Aria', 'Hayes', '527012745', 'aria.hayes@example.com', 'aria_h', 'securepass901');


INSERT INTO User_Studies (user_id, study_id, amount_paid, final_exam_passed)
VALUES
(1, 1, 1999.99, 1),
(2, 2, 1799.99, 0),
(3, 3, 2199.99, 1),
(4, 4, 2299.99, 0),
(5, 5, 2499.99, 1),
(6, 6, 1999.99, 1),
(7, 7, 1599.99, 0),
(8, 8, 1399.99, 1),
(9, 9, 1899.99, 0),
(10, 10, 2099.99, 1),
(11, 11, 1799.99, 1),
(12, 12, 2499.99, 0),
(13, 13, 1699.99, 1),
(14, 14, 1499.99, 0),
(15, 15, 1999.99, 1),
(16, 16, 1599.99, 1),
(17, 17, 1699.99, 0),
(18, 18, 1899.99, 1),
(19, 19, 1299.99, 0),
(20, 20, 2099.99, 1),
(21, 21, 1499.99, 1),
(22, 22, 2199.99, 0),
(23, 23, 1999.99, 1),
(24, 24, 2299.99, 1),
(25, 25, 2399.99, 0),
(26, 26, 2199.99, 1),
(27, 27, 1699.99, 0),
(28, 28, 1599.99, 1),
(29, 29, 1999.99, 1),
(30, 30, 1699.99, 0);



INSERT INTO Study_Meetings (study_meeting_id, study_id, description, student_price, external_price, attendance_limit)
VALUES 
(1, 1, 'Introduction to Mathematics', 10.99, 29.99, 50),
(2, 2, 'Web Development Workshop', 15.99, 39.99, 40),
(3, 3, 'Data Science Seminar', 19.99, 49.99, 30),
(4, 4, 'Mobile App Development Hackathon', 25.99, 59.99, 40),
(5, 5, 'Machine Learning Conference', 29.99, 69.99, 50),
(6, 6, 'Cybersecurity Symposium', 19.99, 49.99, 30),
(7, 7, 'Digital Marketing Expo', 15.99, 39.99, 40),
(8, 8, 'Graphic Design Showcase', 12.99, 29.99, 60),
(9, 9, 'Project Management Summit', 18.99, 44.99, 30),
(10, 10, 'Business Analytics Forum', 22.99, 54.99, 40),
(11, 11, 'Network Administration Workshop', 14.99, 34.99, 50),
(12, 12, 'AI and Robotics Exhibition', 28.99, 64.99, 20),
(13, 13, 'E-commerce Strategies Conference', 16.99, 44.99, 30),
(14, 14, 'UI/UX Design Showcase', 12.99, 29.99, 60),
(15, 15, 'Cloud Computing Summit', 20.99, 49.99, 40),
(16, 16, 'Video Editing Workshop', 14.99, 34.99, 50),
(17, 17, 'Social Media Marketing Expo', 16.99, 39.99, 40),
(18, 18, 'Agile Development Conference', 19.99, 49.99, 30),
(19, 19, 'Photography Exhibition', 9.99, 24.99, 70),
(20, 20, 'Blockchain Symposium', 22.99, 54.99, 40),
(21, 21, 'Python Programming Workshop', 14.99, 34.99, 50),
(22, 22, 'Full Stack Web Development Showcase', 29.99, 69.99, 20),
(23, 23, 'AI in Business Seminar', 19.99, 49.99, 30),
(24, 24, 'iOS App Development Workshop', 22.99, 54.99, 40),
(25, 25, 'Big Data Analytics Forum', 24.99, 59.99, 30),
(26, 26, 'Advanced Cybersecurity Techniques Symposium', 29.99, 69.99, 20),
(27, 27, 'Content Marketing Conference', 15.99, 39.99, 40),
(28, 28, 'User Experience Design Advanced Showcase', 18.99, 44.99, 30),
(29, 29, 'Strategic Project Management Summit', 20.99, 49.99, 40),
(30, 30, 'Data Visualization Techniques Workshop', 16.99, 39.99, 40);

INSERT INTO Study_Meetings_Order_Details (order_id, study_meeting_id, selected_amount)
VALUES 
(1, 1, 1999.99),
(2, 2, 1799.99),
(3, 3, 2199.99),
(4, 4, 2299.99),
(5, 5, 2499.99),
(6, 6, 1999.99),
(7, 7, 1599.99),
(8, 8, 1399.99),
(9, 9, 1899.99),
(10, 10, 2099.99),
(11, 11, 1799.99),
(12, 12, 2499.99),
(13, 13, 1699.99),
(14, 14, 1499.99),
(15, 15, 1999.99),
(16, 16, 1599.99),
(17, 17, 1699.99),
(18, 18, 1899.99),
(19, 19, 1299.99),
(20, 20, 2099.99),
(21, 21, 1499.99),
(22, 22, 2199.99),
(23, 23, 1999.99),
(24, 24, 2299.99),
(25, 25, 2399.99),
(26, 26, 2199.99),
(27, 27, 1699.99),
(28, 28, 1599.99),
(29, 29, 1999.99),
(30, 30, 1699.99);



IINSERT INTO Studies_Fee_Exceptions (exception_id, user_id, study_id, required_entry_fee, pay_due)
VALUES 
(1, 10, 5, 99.99, '2024-02-15'),
(2, 8, 16, 129.99, '2024-02-20'),
(3, 4, 20, 149.99, '2024-02-25'),
(4, 2, 9, 179.99, '2024-03-01'),
(5, 6, 1, 199.99, '2024-03-05'),
(6, 29, 7, 149.99, '2024-03-10'),
(7, 16, 23, 129.99, '2024-03-15'),
(8, 18, 14, 109.99, '2024-03-20'),
(9, 25, 12, 139.99, '2024-03-25'),
(10, 22, 11, 169.99, '2024-03-30'),
(11, 30, 27, 119.99, '2024-04-01'),
(12, 12, 18, 189.99, '2024-04-05'),
(13, 21, 29, 129.99, '2024-04-10'),
(14, 26, 3, 109.99, '2024-04-15'),
(15, 5, 28, 139.99, '2024-04-20'),
(16, 1, 19, 119.99, '2024-04-25'),
(17, 19, 30, 129.99, '2024-04-30'),
(18, 15, 2, 149.99, '2024-05-01'),
(19, 3, 13, 99.99, '2024-05-05'),
(20, 24, 26, 169.99, '2024-05-10'),
(21, 11, 15, 119.99, '2024-05-15'),
(22, 28, 10, 199.99, '2024-05-20'),
(23, 9, 25, 149.99, '2024-05-25'),
(24, 7, 8, 169.99, '2024-05-30'),
(25, 23, 22, 179.99, '2024-06-01'),
(26, 14, 24, 199.99, '2024-06-05'),
(27, 27, 17, 129.99, '2024-06-10'),
(28, 13, 4, 149.99, '2024-06-15'),
(29, 20, 6, 159.99, '2024-06-20'),
(30, 17, 21, 129.99, '2024-06-25');




INSERT INTO Users_Study_Meetings_Payment_Exceptions (exception_id, user_id, study_meeting_id, required_starting_payment, payment_due)
VALUES 
(1, 10, 5, 19.99, '2024-02-15'),
(2, 8, 16, 29.99, '2024-02-20'),
(3, 4, 20, 39.99, '2024-02-25'),
(4, 2, 9, 49.99, '2024-03-01'),
(5, 6, 1, 59.99, '2024-03-05'),
(6, 29, 7, 49.99, '2024-03-10'),
(7, 16, 23, 39.99, '2024-03-15'),
(8, 18, 14, 29.99, '2024-03-20'),
(9, 25, 12, 44.99, '2024-03-25'),
(10, 22, 11, 54.99, '2024-03-30'),
(11, 30, 27, 24.99, '2024-04-01'),
(12, 12, 18, 49.99, '2024-04-05'),
(13, 21, 29, 29.99, '2024-04-10'),
(14, 26, 3, 19.99, '2024-04-15'),
(15, 5, 28, 39.99, '2024-04-20'),
(16, 1, 19, 24.99, '2024-04-25'),
(17, 19, 30, 29.99, '2024-04-30'),
(18, 15, 2, 34.99, '2024-05-01'),
(19, 3, 13, 19.99, '2024-05-05'),
(20, 24, 26, 39.99, '2024-05-10'),
(21, 11, 15, 34.99, '2024-05-15'),
(22, 28, 10, 49.99, '2024-05-20'),
(23, 9, 25, 39.99, '2024-05-25'),
(24, 7, 8, 44.99, '2024-05-30'),
(25, 23, 22, 49.99, '2024-06-01'),
(26, 14, 24, 54.99, '2024-06-05'),
(27, 27, 17, 29.99, '2024-06-10'),
(28, 13, 4, 34.99, '2024-06-15'),
(29, 20, 6, 39.99, '2024-06-20'),
(30, 17, 21, 29.99, '2024-06-25');




INSERT INTO Users_Study_Meetings_Accesses (user_id, study_meeting_id, commentary)
VALUES 
(1, 1, 'Registered and ready to participate'),
(2, 2, 'Unable to attend due to prior commitments'),
(3, 3, 'Excited to join and learn'),
(4, 4, 'Interested but may have scheduling conflicts'),
(5, 5, 'Fully committed and looking forward to it'),
(6, 6, 'Will join remotely from another location'),
(7, 7, 'Might attend depending on workload'),
(8, 8, 'Planning to bring colleagues along'),
(9, 9, 'Enthusiastic about the topic'),
(10, 10, 'Interested but need more information'),
(11, 11, 'Participated in previous editions and loved it'),
(12, 12, 'Will join if there is a networking opportunity'),
(13, 13, 'Looking forward to the hands-on sessions'),
(14, 14, 'Considering participation for professional development'),
(15, 15, 'Would like to present a short case study'),
(16, 16, 'Busy but will try to make time for it'),
(17, 17, 'Excited about the guest speaker'),
(18, 18, 'Interested in the Q&A session'),
(19, 19, 'Will recommend to colleagues'),
(20, 20, 'Would like to explore potential collaborations'),
(21, 21, 'Planning to bring team members for a group experience'),
(22, 22, 'May join as an observer'),
(23, 23, 'Considering for professional networking'),
(24, 24, 'Attended last year and found it valuable'),
(25, 25, 'Interested in the interactive workshops'),
(26, 26, 'Hoping to connect with industry experts'),
(27, 27, 'Will participate if schedule permits'),
(28, 28, 'Planning to write a review about the event'),
(29, 29, 'Excited to learn from industry leaders'),
(30, 30, 'Considering for potential collaboration opportunities');


INSERT INTO Study_Meetings_Calendar (study_meeting_id, study_id, start_date, end_date)
VALUES 
(1, 1, '2024-02-20', '2024-02-22'),
(2, 2, '2024-03-15', '2024-03-17'),
(3, 3, '2024-04-10', '2024-04-12'),
(4, 4, '2024-05-05', '2024-05-07'),
(5, 5, '2024-06-01', '2024-06-03'),
(6, 6, '2024-06-25', '2024-06-27'),
(7, 7, '2024-07-15', '2024-07-17'),
(8, 8, '2024-08-10', '2024-08-12'),
(9, 9, '2024-09-05', '2024-09-07'),
(10, 10, '2024-10-01', '2024-10-03'),
(11, 11, '2024-10-25', '2024-10-27'),
(12, 12, '2024-11-20', '2024-11-22'),
(13, 13, '2024-12-15', '2024-12-17'),
(14, 14, '2025-01-10', '2025-01-12'),
(15, 15, '2025-02-05', '2025-02-07'),
(16, 16, '2025-03-02', '2025-03-04'),
(17, 17, '2025-03-28', '2025-03-30'),
(18, 18, '2025-04-22', '2025-04-24'),
(19, 19, '2025-05-18', '2025-05-20'),
(20, 20, '2025-06-12', '2025-06-14'),
(21, 21, '2025-07-07', '2025-07-09'),
(22, 22, '2025-08-01', '2025-08-03'),
(23, 23, '2025-08-26', '2025-08-28'),
(24, 24, '2025-09-20', '2025-09-22'),
(25, 25, '2025-10-15', '2025-10-17'),
(26, 26, '2025-11-10', '2025-11-12'),
(27, 27, '2025-12-05', '2025-12-07'),
(28, 28, '2026-01-01', '2026-01-03'),
(29, 29, '2026-01-26', '2026-01-28'),
(30, 30, '2026-02-20', '2026-02-22');


INSERT INTO Studies_Order_Details (order_id, study_id, unit_price)
VALUES 
(31, 1, 1999.99),
(32, 2, 1799.99),
(33, 3, 2199.99),
(34, 4, 2299.99),
(35, 5, 2499.99),
(36, 6, 1999.99),
(37, 7, 1599.99),
(38, 8, 1399.99),
(39, 9, 1899.99),
(40, 10, 2099.99),
(41, 11, 1799.99),
(42, 12, 2499.99),
(43, 13, 1699.99),
(44, 14, 1499.99),
(45, 15, 1999.99),
(46, 16, 1599.99),
(47, 17, 1699.99),
(48, 18, 1899.99),
(49, 19, 1299.99),
(50, 20, 2099.99),
(51, 21, 1499.99),
(52, 22, 2199.99),
(53, 23, 1999.99),
(54, 24, 2299.99),
(55, 25, 2399.99),
(56, 26, 2199.99),
(57, 27, 1699.99),
(58, 28, 1599.99),
(59, 29, 1999.99),
(60, 30, 1699.99),
(61, 1, 1999.99),
(62, 2, 1799.99),
(63, 3, 2199.99),
(64, 4, 2299.99),
(65, 5, 2499.99),
(66, 6, 1999.99),
(67, 7, 1599.99),
(68, 8, 1399.99),
(69, 9, 1899.99),
(70, 10, 2099.99),
(71, 11, 1799.99),
(72, 12, 2499.99),
(73, 13, 1699.99),
(74, 14, 1499.99),
(75, 15, 1999.99),
(76, 16, 1599.99),
(77, 17, 1699.99),
(78, 18, 1899.99),
(79, 19, 1299.99),
(80, 20, 2099.99);



INSERT INTO Payments_Details (order_id, payment_url, payment_date, payment_succeed)
VALUES 
(1, 'https://example.com/payment/1', '2024-01-02 08:30:00', 1),
(2, 'https://example.com/payment/2', '2024-01-03 10:45:00', 1),
(3, 'https://example.com/payment/3', '2024-01-04 12:15:00', 1),
(4, 'https://example.com/payment/4', '2024-01-05 14:30:00', 1),
(5, 'https://example.com/payment/5', '2024-01-06 16:45:00', 1),
(6, 'https://example.com/payment/6', '2024-01-07 18:00:00', 1),
(7, 'https://example.com/payment/7', '2024-01-08 20:30:00', 1),
(8, 'https://example.com/payment/8', '2024-01-09 22:45:00', 1),
(9, 'https://example.com/payment/9', '2024-01-10 09:15:00', 1),
(10, 'https://example.com/payment/10', '2024-01-11 11:30:00', 1),
(11, 'https://example.com/payment/11', '2024-01-12 13:45:00', 1),
(12, 'https://example.com/payment/12', '2024-01-13 15:00:00', 1),
(13, 'https://example.com/payment/13', '2024-01-14 17:30:00', 1),
(14, 'https://example.com/payment/14', '2024-01-15 19:45:00', 1),
(15, 'https://example.com/payment/15', '2024-01-16 21:00:00', 1),
(16, 'https://example.com/payment/16', '2024-01-17 09:30:00', 1),
(17, 'https://example.com/payment/17', '2024-01-18 11:45:00', 1),
(18, 'https://example.com/payment/18', '2024-01-19 14:00:00', 1),
(19, 'https://example.com/payment/19', '2024-01-20 16:30:00', 1),
(20, 'https://example.com/payment/20', '2024-01-21 18:45:00', 1),
(21, 'https://example.com/payment/21', '2024-01-22 20:00:00', 1),
(22, 'https://example.com/payment/22', '2024-01-23 09:30:00', 1),
(23, 'https://example.com/payment/23', '2024-01-24 11:45:00', 1),
(24, 'https://example.com/payment/24', '2024-01-25 14:00:00', 1),
(25, 'https://example.com/payment/25', '2024-01-26 16:30:00', 1),
(26, 'https://example.com/payment/26', '2024-01-27 18:45:00', 1),
(27, 'https://example.com/payment/27', '2024-01-28 20:00:00', 1),
(28, 'https://example.com/payment/28', '2024-01-29 09:30:00', 1),
(29, 'https://example.com/payment/29', '2024-01-30 11:45:00', 1),
(30, 'https://example.com/payment/30', '2024-01-31 14:00:00', 1),
(31, 'https://example.com/payment/31', '2024-02-01 16:30:00', 1),
(32, 'https://example.com/payment/32', '2024-02-02 18:45:00', 1),
(33, 'https://example.com/payment/33', '2024-02-03 20:00:00', 1),
(34, 'https://example.com/payment/34', '2024-02-04 09:30:00', 1),
(35, 'https://example.com/payment/35', '2024-02-05 11:45:00', 1),
(36, 'https://example.com/payment/36', '2024-02-06 14:00:00', 1),
(37, 'https://example.com/payment/37', '2024-02-07 16:30:00', 1),
(38, 'https://example.com/payment/38', '2024-02-08 18:45:00', 1),
(39, 'https://example.com/payment/39', '2024-02-09 20:00:00', 1),
(40, 'https://example.com/payment/40', '2024-02-10 09:30:00', 1),
(41, 'https://example.com/payment/41', '2024-02-11 11:45:00', 1),
(42, 'https://example.com/payment/42', '2024-02-12 14:00:00', 1),
(43, 'https://example.com/payment/43', '2024-02-13 16:30:00', 1),
(44, 'https://example.com/payment/44', '2024-02-14 18:45:00', 1),
(45, 'https://example.com/payment/45', '2024-02-15 20:00:00', 1),
(46, 'https://example.com/payment/46', '2024-02-16 09:30:00', 1),
(47, 'https://example.com/payment/47', '2024-02-17 11:45:00', 1),
(48, 'https://example.com/payment/48', '2024-02-18 14:00:00', 1),
(49, 'https://example.com/payment/49', '2024-02-19 16:30:00', 1),
(50, 'https://example.com/payment/50', '2024-02-20 18:45:00', 1),
(51, 'https://example.com/payment/51', '2024-02-21 20:00:00', 1),
(52, 'https://example.com/payment/52', '2024-02-22 09:30:00', 1),
(53, 'https://example.com/payment/53', '2024-02-23 11:45:00', 1),
(54, 'https://example.com/payment/54', '2024-02-24 14:00:00', 1),
(55, 'https://example.com/payment/55', '2024-02-25 16:30:00', 1),
(56, 'https://example.com/payment/56', '2024-02-26 18:45:00', 1),
(57, 'https://example.com/payment/57', '2024-02-27 20:00:00', 1),
(58, 'https://example.com/payment/58', '2024-02-28 09:30:00', 1),
(59, 'https://example.com/payment/59', '2024-02-29 11:45:00', 1),
(60, 'https://example.com/payment/60', '2024-03-01 14:00:00', 1),
(61, 'https://example.com/payment/61', '2024-03-02 16:30:00', 1),
(62, 'https://example.com/payment/62', '2024-03-03 18:45:00', 1),
(63, 'https://example.com/payment/63', '2024-03-04 20:00:00', 1),
(64, 'https://example.com/payment/64', '2024-03-05 09:30:00', 1),
(65, 'https://example.com/payment/65', '2024-03-06 11:45:00', 1),
(66, 'https://example.com/payment/66', '2024-03-07 14:00:00', 1),
(67, 'https://example.com/payment/67', '2024-03-08 16:30:00', 1),
(68, 'https://example.com/payment/68', '2024-03-09 18:45:00', 1),
(69, 'https://example.com/payment/69', '2024-03-10 20:00:00', 1),
(70, 'https://example.com/payment/70', '2024-03-11 09:30:00', 1),
(71, 'https://example.com/payment/71', '2024-03-12 11:45:00', 1),
(72, 'https://example.com/payment/72', '2024-03-13 14:00:00', 1),
(73, 'https://example.com/payment/73', '2024-03-14 16:30:00', 1),
(74, 'https://example.com/payment/74', '2024-03-15 18:45:00', 1),
(75, 'https://example.com/payment/75', '2024-03-16 20:00:00', 1),
(76, 'https://example.com/payment/76', '2024-03-17 09:30:00', 1),
(77, 'https://example.com/payment/77', '2024-03-18 11:45:00', 1),
(78, 'https://example.com/payment/78', '2024-03-19 14:00:00', 1),
(79, 'https://example.com/payment/79', '2024-03-20 16:30:00', 1),
(80, 'https://example.com/payment/80', '2024-03-21 18:45:00', 1);




INSERT INTO Courses_Order_Details (order_id, course_id, unit_price)
VALUES 
(1, 1, 99.99),
(2, 2, 129.99),
(3, 3, 149.99),
(4, 4, 179.99),
(5, 5, 199.99),
(6, 6, 149.99),
(7, 7, 129.99),
(8, 8, 109.99),
(9, 9, 139.99),
(10, 10, 169.99),
(11, 11, 119.99),
(12, 12, 189.99),
(13, 13, 129.99),
(14, 14, 109.99),
(15, 15, 159.99),
(16, 16, 119.99),
(17, 17, 129.99),
(18, 18, 149.99),
(19, 19, 99.99),
(20, 20, 169.99),
(21, 21, 119.99),
(22, 22, 199.99),
(23, 23, 149.99),
(24, 24, 169.99),
(25, 25, 179.99),
(26, 26, 199.99),
(27, 27, 129.99),
(28, 28, 149.99),
(29, 29, 159.99),
(30, 30, 129.99);


INSERT INTO Study_Meetings_Order_Details (order_id, study_meeting_id, unit_price)
VALUES 
(1, 1, 1999.99),
(2, 2, 1799.99),
(3, 3, 2199.99),
(4, 4, 2299.99),
(5, 5, 2499.99),
(6, 6, 1999.99),
(7, 7, 1599.99),
(8, 8, 1399.99),
(9, 9, 1899.99),
(10, 10, 2099.99),
(11, 11, 1799.99),
(12, 12, 2499.99),
(13, 13, 1699.99),
(14, 14, 1499.99),
(15, 15, 1999.99),
(16, 16, 1599.99),
(17, 17, 1699.99),
(18, 18, 1899.99),
(19, 19, 1299.99),
(20, 20, 2099.99),
(21, 21, 1499.99),
(22, 22, 2199.99),
(23, 23, 1999.99),
(24, 24, 2299.99),
(25, 25, 2399.99),
(26, 26, 2199.99),
(27, 27, 1699.99),
(28, 28, 1599.99),
(29, 29, 1999.99),
(30, 30, 1699.99),
(31, 1, 1899.99),
(32, 2, 1699.99),
(33, 3, 1599.99),
(34, 4, 2199.99),
(35, 5, 1799.99),
(36, 6, 2499.99),
(37, 7, 2099.99),
(38, 8, 1999.99),
(39, 9, 1399.99),
(40, 11, 1699.99),
(41, 12, 2299.99),
(42, 12, 1899.99),
(43, 13, 1499.99),
(44, 14, 1599.99),
(45, 15, 1999.99),
(46, 16, 2199.99),
(47, 17, 1699.99),
(48, 18, 1399.99),
(49, 19, 1899.99),
(50, 10, 2099.99),
(51, 21, 1799.99),
(52, 12, 2499.99),
(53, 13, 1699.99),
(54, 14, 1499.99),
(55, 15, 1999.99),
(56, 16, 1599.99),
(57, 17, 1699.99),
(58, 18, 1899.99),
(59, 19, 1299.99),
(60, 10, 2099.99),
(61, 21, 1499.99),
(62, 22, 2199.99),
(63, 23, 1999.99),
(64, 14, 2299.99),
(65, 15, 2399.99),
(66, 16, 2199.99),
(67, 17, 1699.99),
(68, 18, 1599.99),
(69, 19, 1999.99),
(70, 10, 1699.99),
(71, 11, 1899.99),
(72, 12, 2199.99),
(73, 13, 1799.99),
(74, 14, 2499.99),
(75, 15, 2099.99),
(76, 16, 1999.99),
(77, 17, 1399.99),
(78, 18, 1699.99),
(79, 19, 2299.99),
(80, 10, 1899.99);




INSERT INTO Study_Meetings_Classes (study_meeting_id, class_id)
VALUES
    (1, 1),
    (2, 1),
    (3, 2),
    (4, 2),
    (5, 3),
    (6, 3),
    (7, 4),
    (8, 4),
    (9, 5),
    (10, 5),
    (11, 6),
    (12, 6),
    (13, 7),
    (14, 7),
    (15, 8),
    (16, 8),
    (17, 9),
    (18, 9),
    (19, 10),
    (20, 10),
    (21, 11),
    (22, 11),
    (23, 12),
    (24, 12),
    (25, 13),
    (26, 13),
    (27, 14),
    (28, 14),
    (29, 15),
    (30, 15);

INSERT INTO User_Classes (user_id, class_id, attendance)
VALUES
    (1, 1, 1), (2, 1, 1), (3, 2, 1), (4, 2, 1), (5, 3, 1),
    (6, 3, 1), (7, 4, 1), (8, 4, 1), (9, 5, 1), (10, 5, 1),
    (11, 6, 1), (12, 6, 1), (13, 7, 1), (14, 7, 1), (15, 8, 1),
    (16, 8, 1), (17, 9, 1), (18, 9, 1), (19, 10, 1), (20, 10, 1),
    (21, 11, 1), (22, 11, 1), (23, 12, 1), (24, 12, 1), (25, 13, 1),
    (26, 13, 1), (27, 14, 1), (28, 14, 1), (29, 15, 1), (30, 15, 1),
    (31, 1, 1), (32, 2, 1), (33, 3, 1), (34, 4, 1), (35, 5, 1),
    (36, 6, 1), (37, 7, 1), (38, 8, 1), (39, 9, 1), (40, 10, 1),
    (41, 11, 1), (42, 12, 1), (43, 13, 1), (44, 14, 1), (45, 15, 1),
    (46, 1, 1), (47, 2, 1), (48, 3, 1), (49, 4, 1), (50, 5, 1),
    (51, 6, 1), (52, 7, 1), (53, 8, 1), (54, 9, 1), (55, 10, 1),
    (56, 11, 1), (57, 12, 1), (58, 13, 1), (59, 14, 1), (60, 15, 1),
    (61, 1, 1), (62, 1, 1), (63, 2, 1), (64, 2, 1), (65, 3, 1),
    (66, 3, 1), (67, 4, 1), (68, 4, 1), (69, 5, 1), (70, 5, 1),
    (71, 6, 1), (72, 6, 1), (73, 7, 1), (74, 7, 1), (75, 8, 1),
    (76, 8, 1), (77, 9, 1), (78, 9, 1), (79, 10, 1), (80, 10, 1);

do dodania:
INSERT INTO User_Classes (user_id, class_id, attendance)
VALUES
(81, 11, 1), (82, 12, 1), (83, 13, 1), (84, 14, 1), (85, 15, 1),
    (86, 1, 1), (87, 2, 1), (88, 3, 1), (89, 4, 1), (90, 5, 1),
    (91, 6, 1), (92, 7, 1), (93, 8, 1), (94, 9, 1), (95, 10, 1),
    (96, 11, 1), (97, 12, 1), (98, 13, 1), (99, 14, 1), (100, 15, 1),
    (101, 1, 1), (102, 1, 1), (103, 2, 1), (104, 2, 1), (105, 3, 1),
    (106, 3, 1), (107, 4, 1), (108, 4, 1), (109, 5, 1), (110, 5, 1),
    (111, 6, 1), (112, 6, 1), (113, 7, 1), (114, 7, 1), (115, 8, 1),
    (116, 8, 1), (117, 9, 1), (118, 9, 1), (119, 10, 1), (120, 10, 1);



INSERT INTO Modules_Classes (class_id, module_id)
VALUES
    (1, 1),
    (2, 2),
    (3, 3),
    (4, 4),
    (5, 5),
    (6, 6),
    (7, 7),
    (8, 8),
    (9, 9),
    (10, 10),
    (11, 11),
    (12, 12),
    (13, 13),
    (14, 14),
    (15, 15);

do dodania:
INSERT INTO Modules_Classes (class_id, module_id)
VALUES
    (1, 1),  (2, 2),  (3, 3),  (4, 4),  (5, 5),
    (6, 6),  (7, 7),  (8, 8),  (9, 9),  (10, 10),
    (11, 11), (12, 12), (13, 13), (14, 14), (15, 15),
    (16, 1),  (17, 2),  (18, 3),  (19, 4),  (20, 5),
    (21, 6),  (22, 7),  (23, 8),  (24, 9),  (25, 10),
    (26, 11), (27, 12), (28, 13), (29, 14), (30, 15),
    (31, 1),  (32, 2),  (33, 3),  (34, 4),  (35, 5),
    (36, 6),  (37, 7),  (38, 8),  (39, 9),  (40, 10),
    (41, 11), (42, 12), (43, 13), (44, 14), (45, 15),
    (46, 1),  (47, 2),  (48, 3),  (49, 4),  (50, 5),
    (51, 6),  (52, 7),  (53, 8),  (54, 9),  (55, 10),
    (56, 11), (57, 12), (58, 13), (59, 14), (60, 15);



INSERT INTO Class_Changes (original_class_id, new_class_id)
VALUES
    (1, 2),
    (3, 4),
    (5, 6),
    (7, 8),
    (9, 10),
    (11, 12),
    (13, 14),
    (15, 16),
    (17, 18),
    (19, 20);

INSERT INTO Languages (language_id, language_name)
VALUES
    (1, 'English'),
    (2, 'Spanish'),
    (3, 'French'),
    (4, 'German'),
    (5, 'Italian'),
    (6, 'Portuguese'),
    (7, 'Japanese'),
    (8, 'Chinese'),
    (9, 'Russian'),
    (10, 'Korean'),
    (11, 'Arabic'),
    (12, 'Hindi'),
    (13, 'Bengali'),
    (14, 'Swahili'),
    (15, 'Thai'),
    (16, 'Turkish'),
    (17, 'Dutch'),
    (18, 'Swedish'),
    (19, 'Finnish'),
    (20, 'Hungarian'),
    (21, 'Polish'),
    (22, 'Czech'),
    (23, 'Ukrainian'),
    (24, 'Romanian'),
    (25, 'Greek'),
    (26, 'Norwegian'),
    (27, 'Danish'),
    (28, 'Indonesian'),
    (29, 'Malay'),
    (30, 'Vietnamese');

INSERT INTO Classes_Languages (class_id, language_id)
VALUES
    (1, 1),  (2, 2),  (3, 3),  (4, 4),  (5, 5),
    (6, 6),  (7, 7),  (8, 8),  (9, 9),  (10, 10),
    (11, 11), (12, 12), (13, 13), (14, 14), (15, 15),
    (16, 1),  (17, 2),  (18, 3),  (19, 4),  (20, 5),
    (21, 6),  (22, 7),  (23, 8),  (24, 9),  (25, 10),
    (26, 11), (27, 12), (28, 13), (29, 14), (30, 15),
    (31, 1),  (32, 2),  (33, 3),  (34, 4),  (35, 5),
    (36, 6),  (37, 7),  (38, 8),  (39, 9),  (40, 10),
    (41, 11), (42, 12), (43, 13), (44, 14), (45, 15),
    (46, 1),  (47, 2),  (48, 3),  (49, 4),  (50, 5),
    (51, 6),  (52, 7),  (53, 8),  (54, 9),  (55, 10),
    (56, 11), (57, 12), (58, 13), (59, 14), (60, 15)


INSERT INTO Webinars_Meeting_Languages (meeting_id, language_id)
VALUES
    (1, 1),
    (2, 2),
    (3, 3),
    (4, 4),
    (5, 5),
    (6, 6),
    (7, 7),
    (8, 21),
    (9, 21),
    (10, 10),
    (11, 11),
    (12, 12),
    (13, 21),
    (14, 14),
    (15, 21);


INSERT INTO Users_Study_Meetings (user_id, study_meeting_id, amount_paid)
VALUES
    (1, 1, 1999.99),
    (2, 2, 1799.99),
    (3, 3, 2199.99),
    (4, 4, 2299.99),
    (5, 5, 2499.99),
    (6, 6, 1999.99),
    (7, 7, 1599.99),
    (8, 8, 1399.99),
    (9, 9, 1899.99),
    (10, 10, 2099.99),
    (11, 11, 1799.99),
    (12, 12, 2499.99),
    (13, 13, 1699.99),
    (14, 14, 1499.99),
    (15, 15, 1999.99),
    (16, 16, 1599.99),
    (17, 17, 1699.99),
    (18, 18, 1899.99),
    (19, 19, 1299.99),
    (20, 20, 2099.99),
    (21, 21, 1499.99),
    (22, 22, 2199.99),
    (23, 23, 1999.99),
    (24, 24, 2299.99),
    (25, 25, 2399.99),
    (26, 26, 2199.99),
    (27, 27, 1699.99),
    (28, 28, 1599.99),
    (29, 29, 1999.99),
    (30, 30, 1699.99);


INSERT INTO User_Studies_Diplomas (user_id, diploma_ready, diploma_sent, study_id)
VALUES
    (1, 1, 0, 8),
    (2, 1, 1, 19),
    (3, 1, 0, 26),
    (4, 0, 0, 13),
    (5, 1, 1, 6),
    (6, 0, 0, 30),
    (7, 1, 0, 16),
    (8, 0, 0, 5),
    (9, 1, 1, 25),
    (10, 1, 0, 11),
    (11, 0, 0, 27),
    (12, 1, 0, 22),
    (13, 0, 0, 9),
    (14, 1, 0, 2),
    (15, 1, 1, 24),
    (16, 0, 0, 29),
    (17, 1, 1, 10),
    (18, 1, 0, 4),
    (19, 1, 1, 21),
    (20, 0, 0, 15),
    (21, 1, 0, 20),
    (22, 1, 1, 1),
    (23, 1, 0, 3),
    (24, 1, 1, 14),
    (25, 1, 0, 7),
    (26, 0, 0, 28),
    (27, 1, 0, 23),
    (28, 1, 1, 17),
    (29, 0, 0, 12),
    (30, 1, 0, 18);





INSERT INTO Employees_Types (employee_type_id, type_name)
VALUES
    (1, 'Administrator Systemu'),
    (2, 'Administrator Biurowy'),
    (3, 'Ksiêgowy'),
    (4, 'Wyk³adowca'),
    (5, 'T³umacz'),
    (6, 'Dyrektor Szko³y'),
    (7, 'Opiekun Studiów');

INSERT INTO Employees_Roles (employee_id, employee_type_id, start_date, end_date)
VALUES
    (1, 1, '2023-01-01', '2023-12-31'),
    (2, 2, '2022-02-15', '2023-12-31'),
    (3, 3, '2021-03-20', '2023-12-31'),
    (4, 4, '2023-04-10', NULL),
    (5, 5, '2022-05-05', '2023-12-31'),
    (6, 6, '2021-06-01', NULL),
    (7, 7, '2023-07-15', '2023-12-31'),
    (8, 1, '2022-06-01', NULL),
    (9, 2, '2021-05-10', '2023-12-31'),
    (10, 3, '2023-05-05', '2023-12-31'),
    (11, 4, '2022-11-20', NULL),
    (12, 5, '2021-05-15', '2023-12-31'),
    (13, 6, '2023-01-01', NULL),
    (14, 7, '2022-02-10', NULL),
    (15, 1, '2021-03-15', NULL),
    (16, 2, '2023-04-20', NULL),
    (17, 3, '2022-05-01', NULL),
    (18, 4, '2021-06-10', NULL),
    (19, 5, '2023-07-05', NULL),
    (20, 6, '2022-08-15', NULL),
    (21, 7, '2021-09-01', NULL),
    (22, 1, '2021-10-10', '2023-12-31'),
    (23, 2, '2023-11-15', NULL),
    (24, 3, '2022-12-20', NULL),
    (25, 4, '2021-01-10', NULL),
    (26, 5, '2023-02-05', NULL),
    (27, 6, '2022-03-01', NULL),
    (28, 7, '2021-04-15', '2023-12-31'),
    (29, 1, '2021-05-01', NULL),
    (30, 2, '2021-06-10', NULL);



INSERT INTO Courses_Payments (user_id, course_id, required_starting_payment, pay_due)
VALUES
    (1, 1, 99.99, '2023-01-15'),
    (2, 2, 129.99, '2023-02-20'),
    (3, 3, 149.99, '2023-03-25'),
    (4, 4, 179.99, '2023-04-30'),
    (5, 5, 199.99, '2023-05-15'),
    (6, 6, 149.99, '2023-06-20'),
    (7, 7, 129.99, '2023-07-25'),
    (8, 8, 109.99, '2023-08-30'),
    (9, 9, 139.99, '2023-09-15'),
    (10, 10, 169.99, '2023-10-20'),
    (11, 11, 119.99, '2023-11-25'),
    (12, 12, 189.99, '2023-12-30'),
    (13, 13, 129.99, '2024-01-15'),
    (14, 14, 109.99, '2024-02-20'),
    (15, 15, 159.99, '2024-03-25'),
    (16, 16, 119.99, '2024-04-30'),
    (17, 17, 129.99, '2024-05-15'),
    (18, 18, 149.99, '2024-06-20'),
    (19, 19, 99.99, '2024-07-25'),
    (20, 20, 169.99, '2024-08-30'),
    (21, 21, 119.99, '2024-09-15'),
    (22, 22, 199.99, '2024-10-20'),
    (23, 23, 149.99, '2024-11-25'),
    (24, 24, 169.99, '2024-12-30'),
    (25, 25, 179.99, '2025-01-15'),
    (26, 26, 199.99, '2025-02-20'),
    (27, 27, 129.99, '2025-03-25'),
    (28, 28, 149.99, '2025-04-30'),
    (29, 29, 159.99, '2025-05-15'),
    (30, 30, 129.99, '2025-06-20');

INSERT INTO Webinars (webinar_id, title, description, is_free) VALUES
(1, 'Introduction to Machine Learning', 'Learn the basics of machine learning and its applications.', 1),
(2, 'Web Development with React.js', 'Explore the fundamentals of building web applications with React.js.', 0),
(3, 'Data Science Bootcamp', 'A comprehensive bootcamp covering essential data science concepts and tools.', 1),
(4, 'Cybersecurity Best Practices', 'Discover the latest cybersecurity trends and best practices to secure your systems.', 1),
(5, 'Digital Marketing Strategies', 'Develop effective digital marketing strategies for business growth.', 0),
(6, 'Artificial Intelligence in Healthcare', 'Explore the impact of AI on the healthcare industry.', 1),
(7, 'Python Programming Workshop', 'Hands-on workshop on Python programming for beginners.', 1),
(8, 'Agile Project Management', 'Learn agile methodologies for efficient project management.', 0),
(9, 'Blockchain Technology Overview', 'Understand the fundamentals of blockchain and its potential applications.', 1),
(10, 'UX/UI Design Principles', 'Explore user experience and user interface design principles for better product design.', 0),
(11, 'E-commerce Trends and Strategies', 'Stay updated on the latest trends and strategies in the e-commerce industry.', 1),
(12, 'Cloud Computing Essentials', 'Introduction to cloud computing and its key concepts.', 1),
(13, 'Mobile App Development with Flutter', 'Create cross-platform mobile apps with Flutter framework.', 0),
(14, 'Big Data Analytics', 'Analyze large datasets and extract meaningful insights using big data analytics tools.', 1),
(15, 'DevOps Practices', 'Implement DevOps practices for seamless collaboration between development and operations teams.', 0),
(16, 'The Future of Work', 'Explore the changing landscape of work and the role of technology.', 1),
(17, 'Networking and Security Fundamentals', 'Fundamental concepts in networking and cybersecurity.', 1),
(18, 'Game Development Workshop', 'Hands-on workshop on game development using popular game engines.', 0),
(19, 'IoT Applications in Industry', 'Discover how the Internet of Things is transforming various industries.', 1),
(20, 'Machine Learning for Business', 'Application of machine learning in business and decision-making.', 0),
(21, 'Social Media Marketing Strategies', 'Effective strategies for marketing on social media platforms.', 1),
(22, 'Data Visualization Techniques', 'Learn how to visually represent data for better understanding and decision-making.', 0),
(23, 'Robotics and Automation', 'Explore the world of robotics and automation technologies.', 1),
(24, 'Flutter vs. React Native Comparison', 'Comparison between Flutter and React Native for mobile app development.', 1),
(25, 'Leadership in the Digital Age', 'Develop leadership skills in the context of the digital age.', 0),
(26, 'Artificial Intelligence Ethics', 'Discuss the ethical considerations in the field of artificial intelligence.', 1),
(27, 'Web Accessibility Standards', 'Ensure web applications adhere to accessibility standards for inclusivity.', 0),
(28, 'Quantum Computing Concepts', 'Introduction to the principles and concepts of quantum computing.', 1),
(29, 'Agile Software Development', 'Implement agile methodologies for efficient software development.', 1),
(30, 'Frontend Frameworks Comparison', 'Comparison of popular frontend frameworks for web development.', 0);



INSERT INTO Webinars_Users (user_id, webinar_id, shared_from, shared_to)
VALUES
(1, 1, '2021-01-01', '2021-01-31'),
(2, 2, '2021-01-02', '2021-02-01'),
(3, 3, '2021-01-03', '2021-02-02'),
(4, 4, '2021-01-04', '2021-02-03'),
(5, 5, '2021-01-05', '2021-02-04'),
(6, 6, '2021-01-06', '2021-02-05'),
(7, 7, '2021-01-07', '2021-02-06'),
(8, 8, '2021-01-08', '2021-02-07'),
(9, 9, '2021-01-09', '2021-02-08'),
(10, 10, '2021-01-10', '2021-02-09'),
(11, 11, '2021-01-11', '2021-02-10'),
(12, 12, '2021-01-12', '2021-02-11'),
(13, 13, '2021-01-13', '2021-02-12'),
(14, 14, '2021-01-14', '2021-02-13'),
(15, 15, '2021-01-15', '2021-02-14'),
(16, 16, '2021-01-16', '2021-02-15'),
(17, 17, '2021-01-17', '2021-02-16'),
(18, 18, '2021-01-18', '2021-02-17'),
(19, 19, '2021-01-19', '2021-02-18'),
(20, 20, '2021-01-20', '2021-02-19'),
(21, 21, '2021-01-21', '2021-02-20'),
(22, 22, '2021-01-22', '2021-02-21'),
(23, 23, '2021-01-23', '2021-02-22'),
(24, 24, '2021-01-24', '2021-02-23'),
(25, 25, '2021-01-25', '2021-02-24'),
(26, 26, '2021-01-26', '2021-02-25'),
(27, 27, '2021-01-27', '2021-02-26'),
(28, 28, '2021-01-28', '2021-02-27'),
(29, 29, '2021-01-29', '2021-02-28'),
(30, 30, '2021-01-30', '2021-03-01');



INSERT INTO Webinars_Prices (webinar_id, price) VALUES
(1, 0),
(2, 19.99),
(3, 0),
(4, 0),
(5, 24.99),
(6, 0),
(7, 0),
(8, 29.99),
(9, 0),
(10, 34.99),
(11, 0),
(12, 0),
(13, 29.99),
(14, 0),
(15, 34.99),
(16, 0),
(17, 0),
(18, 24.99),
(19, 0),
(20, 34.99),
(21, 0),
(22, 24.99),
(23, 0),
(24, 0),
(25, 19.99),
(26, 0),
(27, 34.99),
(28, 0),
(29, 0),
(30, 34.99);

INSERT INTO Users_Webinars_Exceptions (exception_id, user_id, webinar_id, required_starting_payment, pay_due)
VALUES
(1, 1, 1, 0, '2024-01-15'),
(2, 2, 3, 0, '2024-01-20'),
(3, 3, 7, 0, '2024-01-25'),
(4, 4, 10, 0, '2024-02-01'),
(5, 5, 14, 0, '2024-02-05'),
(6, 6, 18, 0, '2024-02-10'),
(7, 7, 21, 0, '2024-02-15'),
(8, 8, 25, 0, '2024-02-20'),
(9, 9, 29, 0, '2024-02-25'),
(10, 10, 2, 19.99, '2024-03-01'),
(11, 11, 5, 24.99, '2024-03-05'),
(12, 12, 9, 0, '2024-03-10'),
(13, 13, 13, 29.99, '2024-03-15'),
(14, 14, 16, 0, '2024-03-20'),
(15, 15, 20, 34.99, '2024-03-25'),
(16, 16, 23, 0, '2024-03-30'),
(17, 17, 27, 0, '2024-04-01'),
(18, 18, 30, 24.99, '2024-04-05'),
(19, 19, 4, 0, '2024-04-10'),
(20, 20, 8, 29.99, '2024-04-15'),
(21, 21, 12, 0, '2024-04-20'),
(22, 22, 15, 34.99, '2024-04-25'),
(23, 23, 19, 0, '2024-04-30'),
(24, 24, 22, 0, '2024-05-01'),
(25, 25, 26, 19.99, '2024-05-05'),
(26, 26, 28, 0, '2024-05-10'),
(27, 27, 1, 34.99, '2024-05-15'),
(28, 28, 6, 0, '2024-05-20'),
(29, 29, 11, 0, '2024-05-25'),
(30, 30, 17, 34.99, '2024-05-30');


INSERT INTO Webinars_Order_Details (order_id, webinar_id, unit_price) VALUES
(1, 18, 24.99),
(2, 22, 0),
(3, 26, 19.99),
(4, 30, 34.99),
(5, 5, 24.99),
(6, 10, 14.99),
(7, 15, 29.99),
(8, 8, 19.99),
(9, 12, 39.99),
(10, 3, 44.99),
(11, 7, 14.99),
(12, 11, 24.99),
(13, 25, 29.99),
(14, 9, 19.99),
(15, 14, 34.99),
(16, 6, 44.99),
(17, 20, 19.99),
(18, 29, 29.99),
(19, 13, 14.99),
(20, 19, 24.99),
(21, 28, 34.99),
(22, 23, 39.99),
(23, 27, 49.99),
(24, 2, 29.99),
(25, 16, 19.99),
(26, 21, 24.99),
(27, 4, 14.99),
(28, 17, 34.99),
(29, 24, 39.99),
(30, 1, 29.99),
(31, 3, 19.99),
(32, 18, 24.99),
(33, 22, 14.99),
(34, 26, 29.99),
(35, 30, 34.99),
(36, 5, 24.99),
(37, 10, 14.99),
(38, 15, 29.99),
(39, 8, 19.99),
(40, 12, 39.99),
(41, 7, 14.99),
(42, 11, 24.99),
(43, 25, 29.99),
(44, 9, 19.99),
(45, 14, 34.99);



INSERT INTO Webinars_Meetings (meeting_id, webinar_id, lecturer_id, hosted_material, description) VALUES
(1, 1, 1, 'link1', 'Introduction to Machine Learning Meeting'),
(2, 2, 2, 'link2', 'Web Development with React.js Meeting'),
(3, 3, 3, 'link3', 'Data Science Bootcamp Meeting'),
(4, 4, 4, 'link4', 'Cybersecurity Best Practices Meeting'),
(5, 5, 5, 'link5', 'Digital Marketing Strategies Meeting'),
(6, 6, 6, 'link6', 'AI in Healthcare Meeting'),
(7, 7, 7, 'link7', 'Python Programming Workshop Meeting'),
(8, 8, 8, 'link8', 'Agile Project Management Meeting'),
(9, 9, 9, 'link9', 'Blockchain Technology Overview Meeting'),
(10, 10, 10, 'link10', 'UX/UI Design Principles Meeting'),
(11, 11, 11, 'link11', 'E-commerce Trends and Strategies Meeting'),
(12, 12, 12, 'link12', 'Cloud Computing Essentials Meeting'),
(13, 13, 13, 'link13', 'Mobile App Development with Flutter Meeting'),
(14, 14, 14, 'link14', 'Big Data Analytics Meeting'),
(15, 15, 15, 'link15', 'DevOps Practices Meeting'),
(16, 16, 16, 'link16', 'The Future of Work Meeting'),
(17, 17, 17, 'link17', 'Networking and Security Fundamentals Meeting'),
(18, 18, 18, 'link18', 'Game Development Workshop Meeting'),
(19, 19, 19, 'link19', 'IoT Applications in Industry Meeting'),
(20, 20, 20, 'link20', 'Machine Learning for Business Meeting');


INSERT INTO Webinars_Meetings_Calendar (meeting_id, live_start, live_end, shared_due) VALUES
(1, '2024-01-15 10:00:00', '2024-01-15 12:00:00', '2024-02-14 12:00:00'),
(2, '2024-02-01 14:00:00', '2024-02-01 16:00:00', '2024-03-02 16:00:00'),
(3, '2024-03-10 09:30:00', '2024-03-10 11:30:00', '2024-04-09 11:30:00'),
(4, '2024-04-15 13:00:00', '2024-04-15 15:00:00', '2024-05-15 15:00:00'),
(5, '2025-08-10 15:00:00', '2025-08-10 17:00:00', '2025-09-09 17:00:00'),
(6, '2024-06-25 15:30:00', '2024-06-25 17:30:00', '2024-07-25 17:30:00'),
(7, '2024-06-25 15:30:00', '2024-06-25 17:30:00', '2024-07-25 17:30:00'),
(8, '2024-08-10 14:30:00', '2024-08-10 16:30:00', '2024-09-09 16:30:00'),
(9, '2024-09-15 12:00:00', '2024-09-15 14:00:00', '2024-10-15 14:00:00'),
(10, '2024-09-15 12:00:00', '2024-09-15 14:00:00', '2024-10-15 14:00:00'),
(11, '2024-11-25 13:30:00', '2024-11-25 15:30:00', '2024-12-25 15:30:00'),
(12, '2025-01-05 14:00:00', '2025-01-05 16:00:00', '2025-02-04 16:00:00'),
(13, '2025-02-10 10:30:00', '2025-02-10 12:30:00', '2025-03-12 12:30:00'),
(14, '2025-03-15 11:45:00', '2025-03-15 13:45:00', '2025-04-14 13:45:00'),
(15, '2025-04-20 16:00:00', '2025-04-20 18:00:00', '2025-05-20 18:00:00'),
(16, '2025-05-25 09:15:00', '2025-05-25 11:15:00', '2025-06-24 11:15:00'),
(17, '2025-06-30 14:45:00', '2025-06-30 16:45:00', '2025-07-30 16:45:00'),
(18, '2025-07-05 11:30:00', '2025-07-05 13:30:00', '2025-08-04 13:30:00'),
(19, '2025-08-10 15:00:00', '2025-08-10 17:00:00', '2025-09-09 17:00:00'),
(20, '2025-09-15 12:45:00', '2025-09-15 14:45:00', '2025-10-15 14:45:00');




INSERT INTO Users_Internships (institution_id, user_id, study_id, start_date, end_date, attendance, is_passed)
VALUES
(1, 1, 1, '2024-01-15', '2024-01-28', 90, 1),
(2, 2, 3, '2024-07-01', '2024-07-14', 85, 1),
(3, 3, 5, '2025-01-10', '2025-01-23', 92, 1),
(4, 4, 2, '2025-07-15', '2025-07-28', 78, 0),
(5, 5, 4, '2026-01-20', '2026-02-02', 95, 1),
(6, 6, 1, '2026-07-25', '2026-08-07', 88, 1),
(7, 7, 7, '2027-01-05', '2027-01-18', 80, 1),
(8, 8, 6, '2027-07-10', '2027-07-23', 75, 0),
(9, 9, 8, '2028-01-15', '2028-01-28', 82, 1),
(10, 10, 10, '2028-07-20', '2028-08-02', 90, 1),
(11, 11, 2, '2029-01-25', '2029-02-07', 86, 1),
(12, 12, 3, '2029-07-05', '2029-07-18', 79, 0),
(13, 13, 5, '2030-01-10', '2030-01-23', 93, 1),
(14, 14, 9, '2030-07-15', '2030-07-28', 88, 1),
(15, 15, 4, '2031-01-20', '2031-02-02', 97, 1),
(16, 16, 1, '2031-07-25', '2031-08-07', 90, 1),
(17, 17, 6, '2032-01-30', '2032-02-12', 81, 1),
(18, 18, 7, '2032-07-05', '2032-07-18', 78, 0),
(19, 19, 8, '2033-01-10', '2033-01-23', 85, 1),
(20, 20, 10, '2033-07-15', '2033-07-28', 92, 1),
(21, 21, 1, '2034-01-20', '2034-02-02', 89, 1),
(22, 22, 3, '2034-07-25', '2034-08-07', 94, 1),
(23, 23, 5, '2035-01-05', '2035-01-18', 80, 1),
(24, 24, 7, '2035-07-10', '2035-07-23', 77, 0),
(25, 25, 9, '2036-01-15', '2036-01-28', 83, 1),
(26, 26, 2, '2036-07-20', '2036-08-02', 91, 1),
(27, 27, 4, '2037-01-25', '2037-02-07', 87, 1),
(28, 28, 6, '2037-07-05', '2037-07-18', 79, 0),
(29, 29, 8, '2038-01-10', '2038-01-23', 88, 1),
(30, 30, 10, '2038-07-15', '2038-07-28', 95, 1);

INSERT INTO Internship_Location (institution_id, address_id, institution_name) VALUES
(1, 1, 'Company A'),
(2, 2, 'Company B'),
(3, 3, 'Company C'),
(4, 4, 'Company D'),
(5, 5, 'Company E'),
(6, 1, 'Company F'),
(7, 2, 'Company G'),
(8, 3, 'Company H'),
(9, 4, 'Company I'),
(10, 5, 'Company J'),
(11, 1, 'Company K'),
(12, 2, 'Company L'),
(13, 3, 'Company M'),
(14, 4, 'Company N'),
(15, 5, 'Company O'),
(16, 1, 'Company P'),
(17, 2, 'Company Q'),
(18, 3, 'Company R'),
(19, 4, 'Company S'),
(20, 5, 'Company T'),
(21, 1, 'Company U'),
(22, 2, 'Company V'),
(23, 3, 'Company W'),
(24, 4, 'Company X'),
(25, 5, 'Company Y'),
(26, 1, 'Company Z'),
(27, 2, 'Company AA'),
(28, 3, 'Company BB'),
(29, 4, 'Company CC'),
(30, 5, 'Company DD');

INSERT INTO Classes_Translators (class_id, translator_id) VALUES
(1, 1),
(2, 2),
(3, 3),
(4, 4),
(5, 5),
(6, 6),
(7, 7),
(8, 8),
(9, 9),
(10, 10),
(11, 11),
(12, 12),
(13, 13),
(14, 14),
(15, 15),
(16, 5),
(17, 4),
(18, 3),
(19, 8),
(20, 7),
(21, 1),
(22, 2),
(23, 3),
(24, 4),
(25, 5),
(26, 6),
(27, 7),
(28, 8),
(29, 9),
(30, 10),
(31, 11),
(32, 12),
(33, 13),
(34, 14),
(35, 15),
(36, 1),
(37, 2),
(38, 3),
(39, 4),
(40, 5),
(41, 6),
(42, 7),
(43, 8),
(44, 9),
(45, 10),
(46, 11),
(47, 12),
(48, 13),
(49, 14),
(50, 15),
(51, 1),
(52, 2),
(53, 3),
(54, 4),
(55, 5),
(56, 6),
(57, 7),
(58, 8),
(59, 9),
(60, 10);







INSERT INTO Webinars_Meeting_Translators (meeting_id, translator_id) VALUES
(1, 1),
(2, 2),
(3, 3),
(4, 4),
(5, 5),
(6, 6),
(7, 7),
(8, 8),
(9, 9),
(10, 10),
(11, 11),
(12, 12),
(13, 13),
(14, 14),
(15, 15)


INSERT INTO Translators_Languages (translator_id, language_id)
VALUES
    (1, 1),
    (2, 3),
    (3, 4),
    (4, 2),
    (5, 5),
    (6, 9),
    (7, 8),
    (8, 7),
    (9, 10),
    (10, 11),
    (11, 12),
    (12, 6),
    (13, 17),
    (14, 16),
    (15, 18);

INSERT INTO Translators (translator_id, user_id) VALUES
(1, 1),
(2, 2),
(3, 3),
(4, 4),
(5, 5),
(6, 6),
(7, 7),
(8, 8),
(9, 9),
(10, 10),
(11, 11),
(12, 12),
(13, 13),
(14, 14),
(15, 15),
(16, 16),
(17, 17),
(18, 18),
(19, 19),
(20, 20),
(21, 21),
(22, 22),
(23, 23),
(24, 24),
(25, 25),
(26, 26),
(27, 27),
(28, 28),
(29, 29),
(30, 30);

INSERT INTO Courses_Users_Diplomas (user_id, diploma_ready, diploma_sent, course_id) VALUES
(1, 0, 0, 15),
(2, 1, 1, 28),
(3, 1, 1, 9),
(4, 1, 1, 23),
(5, 0, 0, 7),
(6, 0, 0, 25),
(7, 1, 1, 12),
(8, 1, 1, 1),
(9, 0, 0, 30),
(10, 1, 1, 17),
(11, 1, 0, 10),
(12, 0, 0, 19),
(13, 1, 1, 26),
(14, 1, 1, 5),
(15, 1, 1, 2),
(16, 0, 0, 21),
(17, 1, 1, 3),
(18, 1, 1, 20),
(19, 1, 0, 6),
(20, 1, 1, 22),
(21, 1, 1, 8),
(22, 1, 1, 14),
(23, 0, 1, 16),
(24, 0, 0, 11),
(25, 1, 1, 29),
(26, 1, 1, 13),
(27, 1, 1, 27),
(28, 0, 0, 4),
(29, 0, 0, 24),
(30, 1, 1, 18);

INSERT INTO Internship_Institutions (institution_id, institution_name) VALUES
(1, 'ABC Company'),
(2, 'XYZ Corporation'),
(3, '123 Industries'),
(4, 'Tech Innovators Ltd.'),
(5, 'Global Solutions Group'),
(6, 'Innovate Labs'),
(7, 'Acme Innovations'),
(8, 'Future Technologies Inc.'),
(9, 'Advanced Dynamics'),
(10, 'Strategic Visionaries'),





INSERT INTO Users_Internships (user_id, institution_id, study_id, start_date, end_date, attendance, is_passed)
VALUES
(1, 1, 1, '2024-01-15', '2024-01-28', 90, 1),
(2, 2, 3, '2024-07-01', '2024-07-14', 85, 1),
(3, 3, 5, '2025-01-10', '2025-01-23', 92, 1),
(4, 4, 2, '2025-07-15', '2025-07-28', 78, 0),
(5, 5, 4, '2026-01-20', '2026-02-02', 95, 1),
(6, 6, 1, '2026-07-25', '2026-08-07', 88, 1),
(7, 7, 7, '2027-01-05', '2027-01-18', 80, 1),
(8, 8, 6, '2027-07-10', '2027-07-23', 75, 0),
(9, 9, 8, '2028-01-15', '2028-01-28', 82, 1),
(10, 10, 10, '2028-07-20', '2028-08-02', 90, 1),
(11, 3, 2, '2029-01-25', '2029-02-07', 86, 1),
(12, 9, 3, '2029-07-05', '2029-07-18', 79, 0),
(13, 8, 5, '2030-01-10', '2030-01-23', 93, 1),
(14, 7, 9, '2030-07-15', '2030-07-28', 88, 1),
(15, 6, 4, '2031-01-20', '2031-02-02', 97, 1),
(16, 5, 1, '2031-07-25', '2031-08-07', 90, 1),
(17, 4, 6, '2032-01-30', '2032-02-12', 81, 1),
(18, 3, 7, '2032-07-05', '2032-07-18', 78, 0),
(19, 2, 8, '2033-01-10', '2033-01-23', 85, 1),
(20, 1, 10, '2033-07-15', '2033-07-28', 92, 1),
(21, 10, 1, '2034-01-20', '2034-02-02', 89, 1),
(22, 9, 3, '2034-07-25', '2034-08-07', 94, 1),
(23, 8, 5, '2035-01-05', '2035-01-18', 80, 1),
(24, 7, 7, '2035-07-10', '2035-07-23', 77, 0),
(25, 6, 9, '2036-01-15', '2036-01-28', 83, 1),
(26, 5, 2, '2036-07-20', '2036-08-02', 91, 1),
(27, 4, 4, '2037-01-25', '2037-02-07', 87, 1),
(28, 3, 6, '2037-07-05', '2037-07-18', 79, 0),
(29, 2, 8, '2038-01-10', '2038-01-23', 88, 1),
(30, 1, 10, '2038-07-15', '2038-07-28', 95, 1);


INSERT INTO Internship_Location (institution_id, address_id) VALUES
(1, 1),
(2, 2),
(3, 3),
(4, 4),
(5, 5),
(6, 1),
(7, 2),
(8, 3),
(9, 4),
(10, 5)


INSERT INTO Courses_Modes (course_id, course_mode_id)
VALUES
    (1, 1),   (2, 2),   (3, 3),   (4, 4),   (5, 5),
    (6, 6),   (7, 7),   (8, 8),   (9, 9),   (10, 10),
    (11, 11), (12, 12), (13, 13), (14, 14), (15, 15),
    (16, 1),  (17, 2),  (18, 3),  (19, 4),  (20, 5),
    (21, 6),  (22, 7),  (23, 8),  (24, 9),  (25, 10),
    (26, 11), (27, 12), (28, 13), (29, 14), (30, 15)

do dodania: 
    (31, 1),  (32, 2),  (33, 3),  (34, 4),  (35, 5),
    (36, 6),  (37, 7),  (38, 8),  (39, 9),  (40, 10),
    (41, 11), (42, 12), (43, 13), (44, 14), (45, 15),
    (46, 1),  (47, 2),  (48, 3),  (49, 4),  (50, 5),
    (51, 6),  (52, 7),  (53, 8),  (54, 9),  (55, 10),
    (56, 11), (57, 12), (58, 13), (59, 14), (60, 15);


INSERT INTO Courses_Modes_Names (course_mode_id, course_name)
VALUES
    (1, 'Course 1'),   (2, 'Course 2'),   (3, 'Course 3'),
    (4, 'Course 4'),   (5, 'Course 5'),   (6, 'Course 6'),
    (7, 'Course 7'),   (8, 'Course 8'),   (9, 'Course 9'),
    (10, 'Course 10'), (11, 'Course 11'), (12, 'Course 12'),
    (13, 'Course 13'), (14, 'Course 14'), (15, 'Course 15');
